run_id,dataset,split,regime,model,strategy,threshold,total_cost_gbp,cost_per_txn_gbp,n_test,fit_seconds,target_met,auc_pr,auc_pr_lift,roc_auc,brier,ece,base_rate,tp,fp,tn,fn,precision,recall,f1,accuracy,alert_rate,false_positive_rate,value_detection_rate,saving_vs_default_gbp,saving_vs_default_pct,saving_vs_no_model_pct
imb_smote,ieee,stratified,uk_regulatory,baseline,approve_everything,,83485.89767588675,3.7103194380643862,22501,,,,,,,,,,,,,,,,,,,,,,0.0
imb_smote,ieee,stratified,uk_regulatory,baseline,decline_everything,,766259.0,34.054442024798895,22501,,,,,,,,,,,,,,,,,,,,,,-817.8304615886268
imb_smote,ieee,stratified,uk_regulatory,xgboost,default_0.5,0.5,50145.024857893586,2.2285687239630945,22501,84.6,,0.6561058817992242,18.73482036340653,0.9341718428291924,0.017427919057123847,0.002897595666456294,0.03502066574818897,418.0,91.0,21622.0,370.0,0.8212180746561886,0.5304568527918782,0.6445643793369313,0.979512021687925,0.02262121683480734,0.004191037627227928,0.43851075632206904,0.0,0.0,39.935933787800685
imb_smote,ieee,stratified,uk_regulatory,xgboost,cost_optimal,0.3770491803278688,47994.92075957358,2.1330127887459924,22501,84.6,,0.6561058817992242,18.73482036340653,0.9341718428291924,0.017427919057123847,0.002897595666456294,0.03502066574818897,472.0,191.0,21522.0,316.0,0.7119155354449472,0.5989847715736041,0.6505858028945555,0.9774676681036398,0.029465357095240213,0.008796573481324552,0.5145552570512492,2150.1040983200073,4.287771527510866,42.511343717112645
imb_smote,ieee,stratified,uk_regulatory,xgboost,f1_optimal,0.3334137221079583,47782.145750418305,2.12355654195006,22501,84.6,,0.6561058817992242,18.73482036340653,0.9341718428291924,0.017427919057123847,0.002897595666456294,0.03502066574818897,473.0,191.0,21522.0,315.0,0.7123493975903614,0.600253807106599,0.6515151515151515,0.9775121105728635,0.029509799564463802,0.008796573481324552,0.5182152695933102,2362.8791074752808,4.712090808951564,42.76620713126831
imb_smote,ieee,stratified,uk_regulatory,xgboost,youden_j,0.05699481865284975,92189.55155527592,4.097131307731919,22501,84.6,,0.6561058817992242,18.73482036340653,0.9341718428291924,0.017427919057123847,0.002897595666456294,0.03502066574818897,640.0,1942.0,19771.0,148.0,0.24786986831913246,0.8121827411167513,0.3798219584569733,0.9071152393226968,0.11475045553530955,0.08943950628655645,0.7409823638450282,-42044.52669738233,-83.84585871984842,-10.425298309876165
imb_smote,ieee,stratified,uk_regulatory,xgboost,elkan_closed_form,0.2828824079639041,47682.82075347006,2.1191422938300546,22501,84.6,,0.6561058817992242,18.73482036340653,0.9341718428291924,0.017427919057123847,0.002897595666456294,0.03502066574818897,474.0,193.0,21520.0,314.0,0.7106446776611695,0.6015228426395939,0.6515463917525773,0.9774676681036398,0.029643126972134573,0.008888684198406485,0.5209704968754651,2462.204104423523,4.910166285491301,42.88517931664727
imb_smote,ieee,stratified,uk_regulatory,xgboost,precision_target_90,0.8888888888888888,57456.71603859961,2.553518334234017,22501,84.6,True,0.6561058817992242,18.73482036340653,0.9341718428291924,0.017427919057123847,0.002897595666456294,0.03502066574818897,314.0,24.0,21689.0,474.0,0.9289940828402367,0.39847715736040606,0.5577264653641207,0.9778676503266521,0.015021554597573442,0.0011053286049831899,0.317561589897378,-7311.691180706024,-14.581089951449197,31.177938264901897
imb_smote,ieee,stratified,uk_regulatory,xgboost,recall_target_90,0.014492753623188406,215697.2075726986,9.586116509163976,22501,84.6,True,0.6561058817992242,18.73482036340653,0.9341718428291924,0.017427919057123847,0.002897595666456294,0.03502066574818897,722.0,5763.0,15950.0,66.0,0.11133384734001542,0.916243654822335,0.19854255465420045,0.7409448468956935,0.28820941291498153,0.26541703127158844,0.8907628777767204,-165552.182714805,-330.1467756451707,-158.36364413315576
imb_smote,ieee,stratified,uk_regulatory,xgboost,example_dependent,,45242.858486548066,2.010704345875653,22501,,,0.6561058817992242,18.73482036340653,0.9341718428291924,0.017427919057123847,0.002897595666456294,0.03502066574818897,472.0,233.0,21480.0,316.0,0.6695035460992907,0.5989847715736041,0.6322839919624916,0.975601084396249,0.03133194080263099,0.010730898540045134,0.6024674187023115,4902.16637134552,9.775977547598812,45.80778341488018
imb_borderline_smote,ieee,stratified,uk_regulatory,baseline,approve_everything,,83485.89767588675,3.7103194380643862,22501,,,,,,,,,,,,,,,,,,,,,,0.0
imb_borderline_smote,ieee,stratified,uk_regulatory,baseline,decline_everything,,766259.0,34.054442024798895,22501,,,,,,,,,,,,,,,,,,,,,,-817.8304615886268
imb_borderline_smote,ieee,stratified,uk_regulatory,xgboost,default_0.5,0.5,50654.626348391175,2.251216672520829,22501,95.3,,0.6646248026017592,18.978074471246426,0.933900274017694,0.01757737799892266,0.005173855357744242,0.03502066574818897,423.0,94.0,21619.0,365.0,0.8181818181818182,0.5368020304568528,0.6482758620689655,0.9796009066263721,0.022976756588596062,0.004329203702850826,0.42623397369420635,0.0,0.0,39.32552951033099
imb_borderline_smote,ieee,stratified,uk_regulatory,xgboost,cost_optimal,0.2391304347826087,48534.888681307435,2.1570102964893754,22501,95.3,,0.6646248026017592,18.978074471246426,0.933900274017694,0.01757737799892266,0.005173855357744242,0.03502066574818897,503.0,280.0,21433.0,285.0,0.6424010217113666,0.6383248730964467,0.6403564608529599,0.9748900048886716,0.03479845340207102,0.012895500391470548,0.5442898647620953,2119.7376670837402,4.184687204095948,41.86456631306514
imb_borderline_smote,ieee,stratified,uk_regulatory,xgboost,f1_optimal,0.24,46843.15614975989,2.0818255255215274,22501,95.3,,0.6646248026017592,18.978074471246426,0.933900274017694,0.01757737799892266,0.005173855357744242,0.03502066574818897,487.0,197.0,21516.0,301.0,0.7119883040935673,0.618020304568528,0.6616847826086957,0.9778676503266521,0.030398648948935604,0.00907290563257035,0.5313537698979148,3811.4701986312866,7.524426638579561,43.890935530672735
imb_borderline_smote,ieee,stratified,uk_regulatory,xgboost,youden_j,0.03908794788273615,94362.23479425907,4.193690715713038,22501,95.3,,0.6646248026017592,18.978074471246426,0.933900274017694,0.01757737799892266,0.005173855357744242,0.03502066574818897,644.0,2027.0,19686.0,144.0,0.24110819917633844,0.817258883248731,0.3723619543220584,0.903515399315586,0.11870583529620905,0.09335421176253857,0.7546066860084444,-43707.608445867896,-86.28552137618537,-13.027753693919657
imb_borderline_smote,ieee,stratified,uk_regulatory,xgboost,elkan_closed_form,0.2828824079639041,50593.376348391175,2.2484945712808844,22501,95.3,,0.6646248026017592,18.978074471246426,0.933900274017694,0.01757737799892266,0.005173855357744242,0.03502066574818897,424.0,95.0,21618.0,364.0,0.8169556840077071,0.5380710659898477,0.648814078041316,0.9796009066263721,0.023065641527043244,0.004375259061391793,0.4274677237135237,61.25,0.12091689232635183,39.39889519448256
imb_borderline_smote,ieee,stratified,uk_regulatory,xgboost,precision_target_90,0.8571428571428571,57094.92986048758,2.5374396631477527,22501,95.3,True,0.6646248026017592,18.978074471246426,0.933900274017694,0.01757737799892266,0.005173855357744242,0.03502066574818897,318.0,16.0,21697.0,470.0,0.9520958083832335,0.4035532994923858,0.5668449197860963,0.9784009599573352,0.014843784720679081,0.0007368857366554599,0.31618289855001735,-6440.303512096405,-12.714146715447944,31.6112883134533
imb_borderline_smote,ieee,stratified,uk_regulatory,xgboost,recall_target_90,0.016105417276720352,203869.9581528902,9.060484340824416,22501,95.3,True,0.6646248026017592,18.978074471246426,0.933900274017694,0.01757737799892266,0.005173855357744242,0.03502066574818897,717.0,5415.0,16298.0,71.0,0.11692759295499021,0.9098984771573604,0.20722543352601155,0.756188613839385,0.27252122127905426,0.2493897664993322,0.8872700520471133,-153215.33180449903,-302.47055964981024,-144.19688094432985
imb_borderline_smote,ieee,stratified,uk_regulatory,xgboost,example_dependent,,45835.98385800421,2.037064301942323,22501,,,0.6646248026017592,18.978074471246426,0.933900274017694,0.01757737799892266,0.005173855357744242,0.03502066574818897,463.0,220.0,21493.0,325.0,0.677891654465593,0.5875634517766497,0.6295037389530931,0.9757788542731434,0.03035420647971201,0.010132178879012573,0.5875770153310835,4818.642490386963,9.512739186437619,45.09733364076526
imb_class_weight,ieee,stratified,uk_regulatory,baseline,approve_everything,,83485.89767588675,3.7103194380643862,22501,,,,,,,,,,,,,,,,,,,,,,0.0
imb_class_weight,ieee,stratified,uk_regulatory,baseline,decline_everything,,766259.0,34.054442024798895,22501,,,,,,,,,,,,,,,,,,,,,,-817.8304615886268
imb_class_weight,ieee,stratified,uk_regulatory,xgboost,default_0.5,0.5,50457.19560994208,2.2424423630035144,22501,47.3,,0.6490899336663555,18.534482991658205,0.924356791330184,0.0175365036987818,0.0025832150850594073,0.03502066574818897,411.0,75.0,21638.0,377.0,0.845679012345679,0.5215736040609137,0.6452119309262166,0.9799120039109372,0.02159904004266477,0.003454151890572468,0.4257432716559994,0.0,0.0,39.562013448271706
imb_class_weight,ieee,stratified,uk_regulatory,xgboost,cost_optimal,0.275,49736.70688690245,2.210422065103882,22501,47.3,,0.6490899336663555,18.534482991658205,0.924356791330184,0.0175365036987818,0.0025832150850594073,0.03502066574818897,464.0,191.0,21522.0,324.0,0.7083969465648855,0.5888324873096447,0.6431046431046431,0.9771121283498512,0.02910981734145149,0.008796573481324552,0.4844509350830403,720.4887230396271,1.427920664892565,40.425019947688824
imb_class_weight,ieee,stratified,uk_regulatory,xgboost,f1_optimal,0.3508137603469105,49480.23966373503,2.1990240284314044,22501,47.3,,0.6490899336663555,18.534482991658205,0.924356791330184,0.0175365036987818,0.0025832150850594073,0.03502066574818897,434.0,109.0,21604.0,354.0,0.7992633517495396,0.550761421319797,0.6521412471825695,0.9794231367494778,0.024132260788409403,0.00502003408096532,0.45314417757996783,976.9559462070465,1.9362073821133001,40.732218205486916
imb_class_weight,ieee,stratified,uk_regulatory,xgboost,youden_j,0.09125475285171103,74182.15407574177,3.2968380994507696,22501,47.4,,0.6490899336663555,18.534482991658205,0.924356791330184,0.0175365036987818,0.0025832150850594073,0.03502066574818897,603.0,1305.0,20408.0,185.0,0.3160377358490566,0.7652284263959391,0.4473293768545994,0.9337807208568508,0.08479623127860984,0.060102242895960944,0.6802109538879982,-23724.95846579969,-47.01997045021053,11.144090030946849
imb_class_weight,ieee,stratified,uk_regulatory,xgboost,elkan_closed_form,0.2828824079639041,49701.70688690245,2.2088665786810564,22501,47.4,,0.6490899336663555,18.534482991658205,0.924356791330184,0.0175365036987818,0.0025832150850594073,0.03502066574818897,464.0,190.0,21523.0,324.0,0.709480122324159,0.5888324873096447,0.6435506241331485,0.9771565708190747,0.029065374872227902,0.008750518122783586,0.4844509350830403,755.4887230396271,1.4972863907853922,40.46694319577544
imb_class_weight,ieee,stratified,uk_regulatory,xgboost,precision_target_90,0.9032258064516129,62977.700567141175,2.798884519227642,22501,47.4,True,0.6490899336663555,18.534482991658205,0.924356791330184,0.0175365036987818,0.0025832150850594073,0.03502066574818897,257.0,13.0,21700.0,531.0,0.9518518518518518,0.32614213197969544,0.48582230623818523,0.975823296742367,0.011999466690369318,0.0005987196610325611,0.2385004266090155,-12520.504957199097,-24.81411185431015,24.564863862832922
imb_class_weight,ieee,stratified,uk_regulatory,xgboost,recall_target_90,0.0203527815468114,228010.3254096508,10.13334186967916,22501,47.4,True,0.6490899336663555,18.534482991658205,0.924356791330184,0.0175365036987818,0.0025832150850594073,0.03502066574818897,711.0,6019.0,15694.0,77.0,0.10564635958395245,0.9022842639593909,0.189146049481245,0.729078707612995,0.29909781787476114,0.2772072030580758,0.8294185347586711,-177553.12979970872,-351.88862094571834,-173.1123839559637
imb_class_weight,ieee,stratified,uk_regulatory,xgboost,example_dependent,,47167.84496058524,2.096255498003877,22501,,,0.6490899336663555,18.534482991658205,0.924356791330184,0.0175365036987818,0.0025832150850594073,0.03502066574818897,457.0,191.0,21522.0,331.0,0.7052469135802469,0.5799492385786802,0.6364902506963789,0.976801031065286,0.02879872005688636,0.008796573481324552,0.5433329429189817,3289.350649356842,6.519091300247984,43.50202097161047
tuning_search,ieee,stratified,uk_regulatory,baseline,approve_everything,,83485.89767588675,3.7103194380643862,22501,,,,,,,,,,,,,,,,,,,,,,0.0
tuning_search,ieee,stratified,uk_regulatory,baseline,decline_everything,,766259.0,34.054442024798895,22501,,,,,,,,,,,,,,,,,,,,,,-817.8304615886268
tuning_search,ieee,stratified,uk_regulatory,logistic,default_0.5,0.5,69930.12770737708,3.1078675484368286,22501,19.0,,0.4157924135367503,11.87277296572388,0.836520309594874,0.024972224405027887,0.0032945306712294843,0.03502066574818897,209.0,63.0,21650.0,579.0,0.7683823529411765,0.2652284263959391,0.39433962264150946,0.9714679347584552,0.012088351628816498,0.0029014875880808734,0.16715502011853955,0.0,0.0,16.237197354140676
tuning_search,ieee,stratified,uk_regulatory,logistic,cost_optimal,0.23,67131.58701504767,2.9834934898470142,22501,19.1,,0.4157924135367503,11.87277296572388,0.836520309594874,0.024972224405027887,0.0032945306712294843,0.03502066574818897,273.0,160.0,21553.0,515.0,0.6304849884526559,0.3464467005076142,0.44717444717444715,0.9700013332740767,0.019243589173814496,0.007368857366554599,0.24681080276510964,2798.5406923294067,4.001909883591107,19.589309231998232
tuning_search,ieee,stratified,uk_regulatory,logistic,f1_optimal,0.1781821193824027,68309.8347941786,3.035857730508804,22501,19.1,,0.4157924135367503,11.87277296572388,0.836520309594874,0.024972224405027887,0.0032945306712294843,0.03502066574818897,305.0,273.0,21440.0,483.0,0.527681660899654,0.3870558375634518,0.4465592972181552,0.9664014932669659,0.025687747211235058,0.012573112881683784,0.2799752412232007,1620.292913198471,2.3170169515185126,18.177995690512233
tuning_search,ieee,stratified,uk_regulatory,logistic,youden_j,0.03614457831325301,147695.22402776778,6.563940448325309,22501,19.1,,0.4157924135367503,11.87277296572388,0.836520309594874,0.024972224405027887,0.0032945306712294843,0.03502066574818897,536.0,3284.0,18429.0,252.0,0.14031413612565444,0.6802030456852792,0.2326388888888889,0.8428514288253856,0.16977023243411404,0.15124579744853314,0.6433751971389134,-77765.0963203907,-111.20399585969453,-76.91038623212484
tuning_search,ieee,stratified,uk_regulatory,logistic,elkan_closed_form,0.2828824079639041,67131.58701504767,2.9834934898470142,22501,19.1,,0.4157924135367503,11.87277296572388,0.836520309594874,0.024972224405027887,0.0032945306712294843,0.03502066574818897,273.0,160.0,21553.0,515.0,0.6304849884526559,0.3464467005076142,0.44717444717444715,0.9700013332740767,0.019243589173814496,0.007368857366554599,0.24681080276510964,2798.5406923294067,4.001909883591107,19.589309231998232
tuning_search,ieee,stratified,uk_regulatory,logistic,precision_target_90,0.7683753056515328,73765.59290589392,3.278325092480064,22501,19.1,True,0.4157924135367503,11.87277296572388,0.836520309594874,0.024972224405027887,0.0032945306712294843,0.03502066574818897,138.0,15.0,21698.0,650.0,0.9019607843137255,0.1751269035532995,0.29330499468650373,0.9704457579663126,0.00679969779120928,0.0006908303781144936,0.10701110972839362,-3835.4651985168457,-5.4847107023261366,11.643049952854907
tuning_search,ieee,stratified,uk_regulatory,logistic,recall_target_90,0.011888305225324854,511719.1297736317,22.742061676086916,22501,19.1,True,0.4157924135367503,11.87277296572388,0.836520309594874,0.024972224405027887,0.0032945306712294843,0.03502066574818897,738.0,14285.0,7428.0,50.0,0.049124675497570394,0.9365482233502538,0.0933527291126431,0.36291720367983643,0.6676592151459935,0.6579007967577027,0.9252459813756087,-441789.0020662546,-631.757750986703,-512.9408008047707
tuning_search,ieee,stratified,uk_regulatory,logistic,example_dependent,,62711.5643376261,2.787056768038136,22501,,,0.4157924135367503,11.87277296572388,0.836520309594874,0.024972224405027887,0.0032945306712294843,0.03502066574818897,268.0,202.0,21511.0,520.0,0.5702127659574469,0.3401015228426396,0.4260731319554849,0.967912537220568,0.02088796053508733,0.009303182425275182,0.3733055000435149,7218.563369750977,10.322537090103834,24.88364372496998
tuning_search,ieee,stratified,uk_regulatory,random_forest,default_0.5,0.5,60185.268965378404,2.67478196370732,22501,34.6,,0.550564184338355,15.721122730707267,0.9001337183436623,0.02076099266659452,0.002331132687922442,0.03502066574818897,317.0,67.0,21646.0,471.0,0.8255208333333334,0.4022842639593909,0.5409556313993175,0.9760899515577085,0.017065908181858585,0.003085709022244738,0.2897734214043042,0.0,0.0,27.909658228707375
tuning_search,ieee,stratified,uk_regulatory,random_forest,cost_optimal,0.3,56226.95594036579,2.498864758915861,22501,34.6,,0.550564184338355,15.721122730707267,0.9001337183436623,0.02076099266659452,0.002331132687922442,0.03502066574818897,384.0,166.0,21547.0,404.0,0.6981818181818182,0.4873096446700508,0.5739910313901345,0.9746677925425536,0.024443358072974535,0.0076451895178003965,0.392724384548376,3958.3130250126123,6.576880178585948,32.65095362733839
tuning_search,ieee,stratified,uk_regulatory,random_forest,f1_optimal,0.23684210526315788,57158.875759243965,2.540281576785208,22501,34.6,,0.550564184338355,15.721122730707267,0.9001337183436623,0.02076099266659452,0.002331132687922442,0.03502066574818897,406.0,237.0,21476.0,382.0,0.6314152410575428,0.5152284263959391,0.56743535988819,0.9724901115505977,0.02857650771076841,0.010915119974208999,0.40811358292197486,3026.3932061344385,5.028461711910555,31.534693462662286
tuning_search,ieee,stratified,uk_regulatory,random_forest,youden_j,0.0375,151253.7472937107,6.722090009053407,22501,34.6,,0.550564184338355,15.721122730707267,0.9001337183436623,0.02076099266659452,0.002331132687922442,0.03502066574818897,629.0,3651.0,18062.0,159.0,0.14696261682242992,0.7982233502538071,0.24822415153906865,0.8306741922581219,0.19021376827696546,0.16814811403306776,0.765090287385631,-91068.4783283323,-151.31356874174554,-81.1728106235568
tuning_search,ieee,stratified,uk_regulatory,random_forest,elkan_closed_form,0.2828824079639041,56143.7409402132,2.4951664788326386,22501,34.6,,0.550564184338355,15.721122730707267,0.9001337183436623,0.02076099266659452,0.002331132687922442,0.03502066574818897,385.0,166.0,21547.0,403.0,0.6987295825771325,0.4885786802030457,0.5750560119492159,0.9747122350117773,0.024487800542198124,0.0076451895178003965,0.39368667458882456,4041.5280251652002,6.715144909446347,32.75062914436481
tuning_search,ieee,stratified,uk_regulatory,random_forest,precision_target_90,0.9411764705882353,68170.88803733885,3.0296825935442357,22501,34.6,True,0.550564184338355,15.721122730707267,0.9001337183436623,0.02076099266659452,0.002331132687922442,0.03502066574818897,218.0,17.0,21696.0,570.0,0.9276595744680851,0.2766497461928934,0.426197458455523,0.9739122705657526,0.010443980267543665,0.0007829410951964262,0.16332874596470165,-7985.619071960449,-13.268394757119353,18.344427100735764
tuning_search,ieee,stratified,uk_regulatory,random_forest,recall_target_90,0.012773722627737226,243592.3741877079,10.825846592938444,22501,34.6,True,0.550564184338355,15.721122730707267,0.9001337183436623,0.02076099266659452,0.002331132687922442,0.03502066574818897,689.0,6512.0,15201.0,99.0,0.09568115539508401,0.8743654822335025,0.1724871698585555,0.706190835962846,0.320030220879072,0.2999124948187722,0.8812021183232029,-183407.1052223295,-304.7375352394529,-191.7766724308275
tuning_search,ieee,stratified,uk_regulatory,random_forest,example_dependent,,53674.334742203355,2.3854199698770433,22501,,,0.550564184338355,15.721122730707267,0.9001337183436623,0.02076099266659452,0.002331132687922442,0.03502066574818897,375.0,210.0,21503.0,413.0,0.6410256410256411,0.47588832487309646,0.5462490895848507,0.9723123416737034,0.025998844495800186,0.00967162529360291,0.4848751040088234,6510.934223175049,10.818152573049836,35.70850139195889
tuning_search,ieee,stratified,uk_regulatory,xgboost,default_0.5,0.5,50615.44121493399,2.249475188433136,22501,62.7,,0.6707151519014546,19.15198176768354,0.932311130364485,0.01710812607119966,0.002143998742909808,0.03502066574818897,417.0,87.0,21626.0,371.0,0.8273809523809523,0.5291878172588832,0.6455108359133127,0.9796453490955958,0.02239900448868939,0.004006816193064063,0.42657099074961996,0.0,0.0,39.372465740937635
tuning_search,ieee,stratified,uk_regulatory,xgboost,cost_optimal,0.45454545454545453,48186.88192476332,2.141544016922062,22501,62.7,,0.6707151519014546,19.15198176768354,0.932311130364485,0.01710812607119966,0.002143998742909808,0.03502066574818897,459.0,139.0,21574.0,329.0,0.7675585284280937,0.5824873096446701,0.6623376623376623,0.9792009244033598,0.026576596595706856,0.006401694837194307,0.48267739655443065,2428.5592901706696,4.798060101576528,42.281411272791345
tuning_search,ieee,stratified,uk_regulatory,xgboost,f1_optimal,0.23529411764705882,47522.30042159557,2.1120083739209625,22501,62.8,,0.6707151519014546,19.15198176768354,0.932311130364485,0.01710812607119966,0.002143998742909808,0.03502066574818897,502.0,249.0,21464.0,286.0,0.6684420772303595,0.6370558375634517,0.6523716699155295,0.9762232789653793,0.03337629438691614,0.011467784276700595,0.5435525103236128,3093.140793338418,6.111061603125555,43.07745170796498
tuning_search,ieee,stratified,uk_regulatory,xgboost,youden_j,0.0452796356593743,76456.70327532291,3.397924682250696,22501,62.8,,0.6707151519014546,19.15198176768354,0.932311130364485,0.01710812607119966,0.002143998742909808,0.03502066574818897,615.0,1406.0,20307.0,173.0,0.30430479960415635,0.7804568527918782,0.43787824848700607,0.9298253410959513,0.08981823030087552,0.06475383410859853,0.6972112214845018,-25841.262060388923,-51.05410807475982,8.4196188772539
tuning_search,ieee,stratified,uk_regulatory,xgboost,elkan_closed_form,0.2828824079639041,48186.88192476332,2.141544016922062,22501,62.8,,0.6707151519014546,19.15198176768354,0.932311130364485,0.01710812607119966,0.002143998742909808,0.03502066574818897,459.0,139.0,21574.0,329.0,0.7675585284280937,0.5824873096446701,0.6623376623376623,0.9792009244033598,0.026576596595706856,0.006401694837194307,0.48267739655443065,2428.5592901706696,4.798060101576528,42.281411272791345
tuning_search,ieee,stratified,uk_regulatory,xgboost,precision_target_90,0.859854739371563,56377.219855204225,2.5055428583264843,22501,62.8,True,0.6707151519014546,19.15198176768354,0.932311130364485,0.01710812607119966,0.002143998742909808,0.03502066574818897,329.0,25.0,21688.0,459.0,0.9293785310734464,0.41751269035532995,0.5761821366024519,0.9784898448957824,0.015732634105150883,0.001151383963524156,0.32921149314782144,-5761.778640270233,-11.38344051137152,32.47096644504588
tuning_search,ieee,stratified,uk_regulatory,xgboost,recall_target_90,0.016200294550810016,196661.40696310997,8.740118526425935,22501,62.8,True,0.6707151519014546,19.15198176768354,0.932311130364485,0.01710812607119966,0.002143998742909808,0.03502066574818897,720.0,5215.0,16498.0,68.0,0.12131423757371525,0.9137055837563451,0.214190093708166,0.7652104350917737,0.26376605484200705,0.24017869479113896,0.8893012640477997,-146045.96574817598,-288.54033915856763,-135.56242723363772
tuning_search,ieee,stratified,uk_regulatory,xgboost,example_dependent,,46561.604313746095,2.069312666714639,22501,,,0.6707151519014546,19.15198176768354,0.932311130364485,0.01710812607119966,0.002143998742909808,0.03502066574818897,483.0,241.0,21472.0,305.0,0.6671270718232044,0.6129441624365483,0.6388888888888888,0.9757344118039198,0.03217634771787921,0.011099341408372864,0.5723639914336585,4053.8369011878967,8.009091304713985,44.22818031554269
primary,ieee,stratified,uk_regulatory,baseline,approve_everything,,320030.88600209355,3.612820731097667,88582,,,,,,,,,,,,,,,,,,,,,,0.0
primary,ieee,stratified,uk_regulatory,baseline,decline_everything,,3016670.0,34.05511277686212,88582,,,,,,,,,,,,,,,,,,,,,,-842.6183946446549
primary,ieee,stratified,uk_regulatory,logistic,default_0.5,0.5,270182.3626382649,3.0500819877431633,88582,59.4,,0.43545839601311376,12.443153430849563,0.8624317305812732,0.024598124511562403,0.002506215634763945,0.03499582307918087,711.0,117.0,85365.0,2389.0,0.8586956521739131,0.2293548387096774,0.3620162932790224,0.9717098281817976,0.009347271454697343,0.00136870920193725,0.15308473437328116,0.0,0.0,15.576160159586149
primary,ieee,stratified,uk_regulatory,logistic,cost_optimal,0.31,257647.08751228452,2.908571577885852,88582,59.4,,0.43545839601311376,12.443153430849563,0.8624317305812732,0.024598124511562403,0.002506215634763945,0.03499582307918087,1096.0,761.0,84721.0,2004.0,0.5901992460958535,0.3535483870967742,0.4422029453298366,0.9687859836084081,0.020963626921948024,0.008902458997215788,0.2684681863223373,12535.275125980377,4.639560852002504,19.49305558257928
primary,ieee,stratified,uk_regulatory,logistic,f1_optimal,0.193007281713202,259409.81619635224,2.9284709782614105,88582,59.4,,0.43545839601311376,12.443153430849563,0.8624317305812732,0.024598124511562403,0.002506215634763945,0.03499582307918087,1360.0,1625.0,83857.0,1740.0,0.4556113902847571,0.43870967741935485,0.44700082169268696,0.9620125984963085,0.03369759093269513,0.01900985002690625,0.37210291313545113,10772.546441912651,3.9871390333259957,18.942256031295912
primary,ieee,stratified,uk_regulatory,logistic,youden_j,0.04054054054054054,605303.1808040142,6.833252588607326,88582,59.4,,0.43545839601311376,12.443153430849563,0.8624317305812732,0.024598124511562403,0.002506215634763945,0.03499582307918087,2316.0,14522.0,70960.0,784.0,0.13754602684404324,0.7470967741935484,0.23232019259705086,0.8272109457903412,0.1900837641958863,0.16988371820968157,0.7605662535073421,-335120.8181657493,-124.0350461419377,-89.13898854126676
primary,ieee,stratified,uk_regulatory,logistic,elkan_closed_form,0.2779317269250646,257927.49219205976,2.911737059358106,88582,59.5,,0.43545839601311376,12.443153430849563,0.8624317305812732,0.024598124511562403,0.002506215634763945,0.03499582307918087,1129.0,873.0,84609.0,1971.0,0.563936063936064,0.3641935483870968,0.44257154057232456,0.9678941545686482,0.022600528324038745,0.010212676352916403,0.2818653049075656,12254.87044620514,4.535777364051198,19.405437576930478
primary,ieee,stratified,uk_regulatory,logistic,precision_target_90,0.7441805365199705,282834.01626625657,3.192906191621961,88582,59.5,True,0.43545839601311376,12.443153430849563,0.8624317305812732,0.024598124511562403,0.002506215634763945,0.03499582307918087,536.0,64.0,85418.0,2564.0,0.8933333333333333,0.17290322580645162,0.2897297297297297,0.9703325732090041,0.006773385112099524,0.000748695631828923,0.10859565931280632,-12651.653627991676,-4.682634907938239,11.622899964597059
primary,ieee,stratified,uk_regulatory,logistic,recall_target_90,0.011216566005176877,1763476.6412129402,19.90784404521167,88582,59.5,True,0.43545839601311376,12.443153430849563,0.8624317305812732,0.024598124511562403,0.002506215634763945,0.03499582307918087,2901.0,49205.0,36277.0,199.0,0.05567497025294592,0.9358064516129032,0.1050972720356483,0.4422794698697252,0.5882233410850963,0.5756182588147212,0.949379075274254,-1493294.2785746753,-552.6986528628371,-451.03326533346035
primary,ieee,stratified,uk_regulatory,logistic,example_dependent,,240164.58644369245,2.7112120571187424,88582,,,0.43545839601311376,12.443153430849563,0.8624317305812732,0.024598124511562403,0.002506215634763945,0.03499582307918087,1037.0,885.0,84597.0,2063.0,0.5395421436004162,0.3345161290322581,0.4129828753484667,0.9667201011492177,0.02169741030909214,0.010353056783884327,0.40143991112324356,30017.77619457245,11.1101908731037,24.955809908259493
primary,ieee,stratified,uk_regulatory,random_forest,default_0.5,0.5,193684.1410766393,2.186495462697154,88582,158.0,,0.6593195924932025,18.839951013623505,0.9273128751497202,0.017608874466781516,0.0017858156282814328,0.03499582307918087,1590.0,316.0,85166.0,1510.0,0.8342077649527807,0.5129032258064516,0.6352377147423093,0.9793863313088438,0.02151678670610282,0.0036966846821553075,0.4352537658678047,0.0,0.0,39.47954727239287
primary,ieee,stratified,uk_regulatory,random_forest,cost_optimal,0.24778761061946902,182548.64502060413,2.0607871240275015,88582,158.0,,0.6593195924932025,18.839951013623505,0.9273128751497202,0.017608874466781516,0.0017858156282814328,0.03499582307918087,1858.0,812.0,84670.0,1242.0,0.695880149812734,0.5993548387096774,0.6440207972270364,0.976812444966246,0.03014156374884288,0.00949907582882946,0.5381695843777429,11135.496056035161,5.74930709047001,42.95905395224574
primary,ieee,stratified,uk_regulatory,random_forest,f1_optimal,0.27871962082975915,187829.89780294895,2.1204070556427825,88582,158.1,,0.6593195924932025,18.839951013623505,0.9273128751497202,0.017608874466781516,0.0017858156282814328,0.03499582307918087,1726.0,541.0,84941.0,1374.0,0.7613586237318042,0.5567741935483871,0.6431898639836034,0.9783816125172157,0.025592106748549368,0.006328817762803865,0.4834296450477615,5854.243273690343,3.0225723392468486,41.308821736124486
primary,ieee,stratified,uk_regulatory,random_forest,youden_j,0.05918057663125948,295510.0610997677,3.336005747214645,88582,158.1,,0.6593195924932025,18.839951013623505,0.9273128751497202,0.017608874466781516,0.0017858156282814328,0.03499582307918087,2412.0,5800.0,79682.0,688.0,0.29371651242084756,0.7780645161290323,0.42644978783592646,0.9267571289878305,0.09270506423426882,0.06785054163449615,0.765945440258363,-101825.92002312839,-52.57318408058855,7.662018253502401
primary,ieee,stratified,uk_regulatory,random_forest,elkan_closed_form,0.2779317269250646,187829.89780294895,2.1204070556427825,88582,158.1,,0.6593195924932025,18.839951013623505,0.9273128751497202,0.017608874466781516,0.0017858156282814328,0.03499582307918087,1726.0,541.0,84941.0,1374.0,0.7613586237318042,0.5567741935483871,0.6431898639836034,0.9783816125172157,0.025592106748549368,0.006328817762803865,0.4834296450477615,5854.243273690343,3.0225723392468486,41.308821736124486
primary,ieee,stratified,uk_regulatory,random_forest,precision_target_90,0.6951291630387537,226672.5866957456,2.5589012067434194,88582,158.2,True,0.6593195924932025,18.839951013623505,0.9273128751497202,0.017608874466781516,0.0017858156282814328,0.03499582307918087,1187.0,94.0,85388.0,1913.0,0.9266198282591726,0.3829032258064516,0.5418854142889751,0.977343026800027,0.014461177214332483,0.0010996467092487306,0.29207908238003244,-32988.44561910629,-17.032084008392314,29.171652921567464
primary,ieee,stratified,uk_regulatory,random_forest,recall_target_90,0.01278409090909091,836644.8073215485,9.444862470045251,88582,158.2,True,0.6593195924932025,18.839951013623505,0.9273128751497202,0.017608874466781516,0.0017858156282814328,0.03499582307918087,2793.0,22319.0,63163.0,307.0,0.11122172666454284,0.9009677419354839,0.19800085070182902,0.744575647422727,0.28348874489173875,0.2610959032310896,0.8929778032274082,-642960.6662449092,-331.9635064961228,-161.42626974950016
primary,ieee,stratified,uk_regulatory,random_forest,example_dependent,,177620.4614597112,2.005152982092425,88582,,,0.6593195924932025,18.839951013623505,0.9273128751497202,0.017608874466781516,0.0017858156282814328,0.03499582307918087,1766.0,854.0,84628.0,1334.0,0.6740458015267176,0.5696774193548387,0.6174825174825175,0.9752997222912104,0.029577114989501253,0.009990407337217191,0.5924660400483747,16063.6796169281,8.293750602209517,44.49896268494871
primary,ieee,stratified,uk_regulatory,xgboost,default_0.5,0.5,111635.08974337578,1.2602457580927928,88582,640.7,,0.867028000735173,24.775185277781645,0.9743400251779094,0.009159635023286627,0.0011342359738192147,0.03499582307918087,2363.0,227.0,85255.0,737.0,0.9123552123552123,0.762258064516129,0.8305799648506151,0.9891174279198934,0.029238445733896275,0.0026555298191432114,0.7140594965698824,0.0,0.0,65.11740128024847
primary,ieee,stratified,uk_regulatory,xgboost,cost_optimal,0.375,105184.4335758686,1.187424460679016,88582,640.8,,0.867028000735173,24.775185277781645,0.9743400251779094,0.009159635023286627,0.0011342359738192147,0.03499582307918087,2447.0,346.0,85136.0,653.0,0.8761188686000716,0.7893548387096774,0.8304768369251655,0.9887223137883543,0.03153010769682328,0.004047635759575115,0.7556459563663663,6450.656167507172,5.778341005803636,67.1330367859618
primary,ieee,stratified,uk_regulatory,xgboost,f1_optimal,0.4155844155844156,105574.14050221443,1.191823852500671,88582,640.8,,0.867028000735173,24.775185277781645,0.9743400251779094,0.009159635023286627,0.0011342359738192147,0.03499582307918087,2433.0,313.0,85169.0,667.0,0.8860160233066279,0.7848387096774193,0.8323640095791994,0.9889368043169041,0.03099952586304215,0.0036615895744133266,0.749958910252288,6060.949241161346,5.429251013363379,67.01126512472806
primary,ieee,stratified,uk_regulatory,xgboost,youden_j,0.04288702928870293,209344.35413384438,2.363283219320453,88582,640.8,,0.867028000735173,24.775185277781645,0.9743400251779094,0.009159635023286627,0.0011342359738192147,0.03499582307918087,2817.0,4415.0,81067.0,283.0,0.38951880530973454,0.9087096774193548,0.5452961672473867,0.9469643945722608,0.08164186855117292,0.051648300226948364,0.8917173714297683,-97709.2643904686,-87.52558412868252,34.5862029915216
primary,ieee,stratified,uk_regulatory,xgboost,elkan_closed_form,0.2779317269250646,104128.04327940941,1.1754988968346776,88582,640.8,,0.867028000735173,24.775185277781645,0.9743400251779094,0.009159635023286627,0.0011342359738192147,0.03499582307918087,2500.0,476.0,85006.0,600.0,0.8400537634408602,0.8064516129032258,0.8229098090849243,0.9878530626989682,0.03359599015601364,0.005568423761727615,0.775838657113477,7507.04646396637,6.72462975684742,67.46312689371855
primary,ieee,stratified,uk_regulatory,xgboost,precision_target_90,0.5,111635.08974337578,1.2602457580927928,88582,640.9,True,0.867028000735173,24.775185277781645,0.9743400251779094,0.009159635023286627,0.0011342359738192147,0.03499582307918087,2363.0,227.0,85255.0,737.0,0.9123552123552123,0.762258064516129,0.8305799648506151,0.9891174279198934,0.029238445733896275,0.0026555298191432114,0.7140594965698824,0.0,0.0,65.11740128024847
primary,ieee,stratified,uk_regulatory,xgboost,recall_target_90,0.04288702928870293,209344.35413384438,2.363283219320453,88582,640.9,True,0.867028000735173,24.775185277781645,0.9743400251779094,0.009159635023286627,0.0011342359738192147,0.03499582307918087,2817.0,4415.0,81067.0,283.0,0.38951880530973454,0.9087096774193548,0.5452961672473867,0.9469643945722608,0.08164186855117292,0.051648300226948364,0.8917173714297683,-97709.2643904686,-87.52558412868252,34.5862029915216
primary,ieee,stratified,uk_regulatory,xgboost,example_dependent,,102045.39006876945,1.151987876416986,88582,,,0.867028000735173,24.775185277781645,0.9743400251779094,0.009159635023286627,0.0011342359738192147,0.03499582307918087,2477.0,466.0,85016.0,623.0,0.8416581719334013,0.7990322580645162,0.8197914942909151,0.9877063060215394,0.03322345397484816,0.005451440069254346,0.7901500929074032,9589.699674606323,8.590219882163312,68.11389321088781
ablation_50000,ieee,stratified,uk_regulatory,baseline,approve_everything,,25760.04820537567,3.4342151986902643,7501,,,,,,,,,,,,,,,,,,,,,,0.0
ablation_50000,ieee,stratified,uk_regulatory,baseline,decline_everything,,255434.0,34.053326223170245,7501,,,,,,,,,,,,,,,,,,,,,,-891.5897593184449
ablation_50000,ieee,stratified,uk_regulatory,xgboost,default_0.5,0.5,17807.415417194366,2.374005521556375,7501,15.4,,0.5340416119403133,15.231354110890836,0.9015748631273265,0.021254164782491102,0.0038182989978389134,0.03506199173443541,112.0,35.0,7203.0,151.0,0.7619047619047619,0.42585551330798477,0.5463414634146342,0.9752033062258365,0.01959738701506466,0.004835589941972921,0.36148044251976785,0.0,0.0,30.871963921720184
ablation_50000,ieee,stratified,uk_regulatory,xgboost,cost_optimal,0.3181818181818182,17449.41738295555,2.3262788138855552,7501,15.4,,0.5340416119403133,15.231354110890836,0.9015748631273265,0.021254164782491102,0.0038182989978389134,0.03506199173443541,136.0,84.0,7154.0,127.0,0.6181818181818182,0.5171102661596958,0.5631469979296067,0.9718704172776963,0.029329422743634183,0.01160541586073501,0.4465787471290566,357.9980342388153,2.0103873911603247,32.26170524279468
ablation_50000,ieee,stratified,uk_regulatory,xgboost,f1_optimal,0.2857142857142857,17451.66738295555,2.326578773890888,7501,15.4,,0.5340416119403133,15.231354110890836,0.9015748631273265,0.021254164782491102,0.0038182989978389134,0.03506199173443541,138.0,89.0,7149.0,125.0,0.6079295154185022,0.5247148288973384,0.563265306122449,0.9714704706039194,0.030262631649113452,0.012296214423873998,0.45367028420148325,355.7480342388153,1.9977522054958883,32.252970787090014
ablation_50000,ieee,stratified,uk_regulatory,xgboost,youden_j,0.07317073170731707,23827.881165266037,3.176627271732574,7501,15.4,,0.5340416119403133,15.231354110890836,0.9015748631273265,0.021254164782491102,0.0038182989978389134,0.03506199173443541,182.0,421.0,6817.0,81.0,0.3018242122719735,0.6920152091254753,0.42032332563510394,0.9330755899213439,0.08038928142914278,0.05816523901630285,0.7133308554096464,-6020.4657480716705,-33.808756672562765,7.500634411493162
ablation_50000,ieee,stratified,uk_regulatory,xgboost,elkan_closed_form,0.28052206047856304,17451.66738295555,2.326578773890888,7501,15.4,,0.5340416119403133,15.231354110890836,0.9015748631273265,0.021254164782491102,0.0038182989978389134,0.03506199173443541,138.0,89.0,7149.0,125.0,0.6079295154185022,0.5247148288973384,0.563265306122449,0.9714704706039194,0.030262631649113452,0.012296214423873998,0.45367028420148325,355.7480342388153,1.9977522054958883,32.252970787090014
ablation_50000,ieee,stratified,uk_regulatory,xgboost,precision_target_90,0.8758680467809363,21755.907782435417,2.9004009841934963,7501,15.4,True,0.5340416119403133,15.231354110890836,0.9015748631273265,0.021254164782491102,0.0038182989978389134,0.03506199173443541,59.0,5.0,7233.0,204.0,0.921875,0.22433460076045628,0.36085626911314983,0.9721370483935475,0.008532195707239034,0.0006907985631389886,0.14334889633045217,-3948.4923652410507,-22.173304057524774,15.543994293087776
ablation_50000,ieee,stratified,uk_regulatory,xgboost,recall_target_90,0.010498687664041995,77383.85852718353,10.316472273987939,7501,15.5,True,0.5340416119403133,15.231354110890836,0.9015748631273265,0.021254164782491102,0.0038182989978389134,0.03506199173443541,236.0,2078.0,5160.0,27.0,0.10198789974070872,0.8973384030418251,0.18315871168024836,0.7193707505665912,0.30849220103986136,0.2870958828405637,0.8886280835247296,-59576.443109989166,-334.5597421873122,-200.40261536092495
ablation_50000,ieee,stratified,uk_regulatory,xgboost,example_dependent,,16796.21913576126,2.239197325124818,7501,,,0.5340416119403133,15.231354110890836,0.9015748631273265,0.021254164782491102,0.0038182989978389134,0.03506199173443541,129.0,83.0,7155.0,134.0,0.6084905660377359,0.49049429657794674,0.5431578947368421,0.9710705239301426,0.028262898280229303,0.011467256148107213,0.5095730140084507,1011.1962814331055,5.678512337375593,34.79740797901076
ablation_100000,ieee,stratified,uk_regulatory,baseline,approve_everything,,55088.282797053456,3.672307365979165,15001,,,,,,,,,,,,,,,,,,,,,,0.0
ablation_100000,ieee,stratified,uk_regulatory,baseline,decline_everything,,510860.0,34.05506299580028,15001,,,,,,,,,,,,,,,,,,,,,,-827.3478388898423
ablation_100000,ieee,stratified,uk_regulatory,xgboost,default_0.5,0.5,32910.93750488758,2.1939162392432223,15001,35.9,,0.6489865384082504,18.543708690785074,0.9205957315227833,0.017695625757869596,0.004532206043119534,0.03499766682221185,271.0,55.0,14421.0,254.0,0.8312883435582822,0.5161904761904762,0.63689776733255,0.9794013732417839,0.0217318845410306,0.003799392097264438,0.4473578174361348,0.0,0.0,40.25782646714138
ablation_100000,ieee,stratified,uk_regulatory,xgboost,cost_optimal,0.2558139534883721,32524.91260921955,2.16818296175052,15001,35.9,,0.6489865384082504,18.543708690785074,0.9205957315227833,0.017695625757869596,0.004532206043119534,0.03499766682221185,331.0,203.0,14273.0,194.0,0.6198501872659176,0.6304761904761905,0.6251180358829084,0.973535097660156,0.03559762682487834,0.01402321083172147,0.5537047430223262,386.0248956680298,1.1729380106862695,40.95856512891842
ablation_100000,ieee,stratified,uk_regulatory,xgboost,f1_optimal,0.3333333333333333,32084.09922516346,2.1387973618534404,15001,35.9,,0.6489865384082504,18.543708690785074,0.9205957315227833,0.017695625757869596,0.004532206043119534,0.03499766682221185,293.0,87.0,14389.0,232.0,0.7710526315789473,0.5580952380952381,0.6475138121546962,0.9787347510165989,0.02533164455702953,0.0060099474993092015,0.4833628930447885,826.8382797241211,2.512351037102264,41.758759583481584
ablation_100000,ieee,stratified,uk_regulatory,xgboost,youden_j,0.07317073170731707,49390.43605852127,3.2924762388188302,15001,35.9,,0.6489865384082504,18.543708690785074,0.9205957315227833,0.017695625757869596,0.004532206043119534,0.03499766682221185,389.0,849.0,13627.0,136.0,0.31421647819063003,0.7409523809523809,0.44129325014180376,0.9343377108192787,0.08252783147790148,0.05864879801050014,0.668075468174989,-16479.49855363369,-50.07301463589827,10.343119170229336
ablation_100000,ieee,stratified,uk_regulatory,xgboost,elkan_closed_form,0.2815609196865891,31190.53279221058,2.0792302374648743,15001,35.9,,0.6489865384082504,18.543708690785074,0.9205957315227833,0.017695625757869596,0.004532206043119534,0.03499766682221185,315.0,119.0,14357.0,210.0,0.7258064516129032,0.6,0.656934306569343,0.9780681287914139,0.028931404573028466,0.008220502901353965,0.5214888063039254,1720.404712677002,5.227455803778017,43.38082218478793
ablation_100000,ieee,stratified,uk_regulatory,xgboost,precision_target_90,0.7142857142857143,38841.33239257336,2.589249542868699,15001,36.0,True,0.6489865384082504,18.543708690785074,0.9205957315227833,0.017695625757869596,0.004532206043119534,0.03499766682221185,198.0,13.0,14463.0,327.0,0.9383886255924171,0.37714285714285717,0.5380434782608695,0.9773348443437104,0.01406572895140324,0.0008980381320806852,0.2979965921338991,-5930.394887685776,-18.01952583941146,29.49257007036188
ablation_100000,ieee,stratified,uk_regulatory,xgboost,recall_target_90,0.010976948408342482,180150.85931777954,12.009256670740587,15001,36.0,True,0.6489865384082504,18.543708690785074,0.9205957315227833,0.017695625757869596,0.004532206043119534,0.03499766682221185,481.0,4868.0,9608.0,44.0,0.0899233501589082,0.9161904761904762,0.163772557030984,0.6725551629891341,0.3565762282514499,0.33628074053605966,0.8746837288826429,-147239.92181289196,-447.3890231508156,-227.02210011057994
ablation_100000,ieee,stratified,uk_regulatory,xgboost,example_dependent,,31768.99907886982,2.1177920857856023,15001,,,0.6489865384082504,18.543708690785074,0.9205957315227833,0.017695625757869596,0.004532206043119534,0.03499766682221185,307.0,157.0,14319.0,218.0,0.6616379310344828,0.5847619047619048,0.6208291203235592,0.975001666555563,0.030931271248583428,0.010845537441282123,0.5547826363331118,1141.9384260177612,3.4697839459850477,42.33075081336703
ablation_200000,ieee,stratified,uk_regulatory,baseline,approve_everything,,109789.09512971342,3.65951452050643,30001,,,,,,,,,,,,,,,,,,,,,,0.0
ablation_200000,ieee,stratified,uk_regulatory,baseline,decline_everything,,1021685.0,34.05503149895004,30001,,,,,,,,,,,,,,,,,,,,,,-830.5887791432305
ablation_200000,ieee,stratified,uk_regulatory,xgboost,default_0.5,0.5,59338.339801341295,1.9778787307536847,30001,186.6,,0.7429353045241979,21.227430543838533,0.9448433231190303,0.014124778577956923,0.0022586228852733486,0.03499883337222093,604.0,61.0,28890.0,446.0,0.9082706766917293,0.5752380952380952,0.7043731778425656,0.9831005633145562,0.022165927802406588,0.0021070083934924527,0.48350166345950607,0.0,0.0,45.95242839807146
ablation_200000,ieee,stratified,uk_regulatory,xgboost,cost_optimal,0.1388888888888889,53584.59800925851,1.7860937305175997,30001,186.6,,0.7429353045241979,21.227430543838533,0.9448433231190303,0.014124778577956923,0.0022586228852733486,0.03499883337222093,780.0,398.0,28553.0,270.0,0.6621392190152802,0.7428571428571429,0.7001795332136446,0.9777340755308156,0.03926535782140595,0.013747366239508134,0.6599791205600897,5753.741792082787,9.696499449337017,51.19315088083249
ablation_200000,ieee,stratified,uk_regulatory,xgboost,f1_optimal,0.2391304347826087,51621.92999377847,1.720673644004482,30001,186.6,,0.7429353045241979,21.227430543838533,0.9448433231190303,0.014124778577956923,0.0022586228852733486,0.03499883337222093,747.0,255.0,28696.0,303.0,0.7455089820359282,0.7114285714285714,0.7280701754385965,0.981400619979334,0.03339888670377654,0.008807985907222548,0.6308560245566398,7716.409807562828,13.004087801237077,52.980822063622725
ablation_200000,ieee,stratified,uk_regulatory,xgboost,youden_j,0.042704626334519574,109609.269151479,3.6535205210319326,30001,186.7,,0.7429353045241979,21.227430543838533,0.9448433231190303,0.014124778577956923,0.0022586228852733486,0.03499883337222093,895.0,2329.0,26622.0,155.0,0.27760545905707196,0.8523809523809524,0.41881141787552645,0.917202759908003,0.10746308456384787,0.08044627128596595,0.7767913669999416,-50270.92935013771,-84.71913693311888,0.1637922036081542
ablation_200000,ieee,stratified,uk_regulatory,xgboost,elkan_closed_form,0.2797016656551619,53552.75194171071,1.785032230316013,30001,186.7,,0.7429353045241979,21.227430543838533,0.9448433231190303,0.014124778577956923,0.0022586228852733486,0.03499883337222093,686.0,145.0,28806.0,364.0,0.825511432009627,0.6533333333333333,0.7293992557150452,0.9830338988700377,0.02769907669744342,0.005008462574695174,0.5745101439049874,5785.587859630585,9.750168068402559,51.22215746614971
ablation_200000,ieee,stratified,uk_regulatory,xgboost,precision_target_90,0.8,67656.26995781064,2.2551338274661057,30001,186.7,True,0.7429353045241979,21.227430543838533,0.9448433231190303,0.014124778577956923,0.0022586228852733486,0.03499883337222093,504.0,31.0,28920.0,546.0,0.9420560747663551,0.48,0.63596214511041,0.9807673077564081,0.017832738908703044,0.0010707747573486235,0.3928714776407357,-8317.930156469345,-14.01780060634815,38.376147578339875
ablation_200000,ieee,stratified,uk_regulatory,xgboost,recall_target_90,0.01088,346060.900341779,11.53497884543112,30001,186.7,True,0.7429353045241979,21.227430543838533,0.9448433231190303,0.014124778577956923,0.0022586228852733486,0.03499883337222093,994.0,9444.0,19507.0,56.0,0.09522897106725427,0.9466666666666667,0.173050139275766,0.6833438885370487,0.34792173594213527,0.32620634865807746,0.9192681227891953,-286722.5605404377,-483.1994988406409,-215.2051667179838
ablation_200000,ieee,stratified,uk_regulatory,xgboost,example_dependent,,51623.575332671404,1.7207284868061532,30001,,,0.7429353045241979,21.227430543838533,0.9448433231190303,0.014124778577956923,0.0022586228852733486,0.03499883337222093,694.0,180.0,28771.0,356.0,0.7940503432494279,0.660952380952381,0.7214137214137214,0.9821339288690377,0.029132362254591513,0.006217401816862976,0.6202123696627759,7714.764468669891,13.00131499212505,52.979323427632515
ablation_full,ieee,stratified,uk_regulatory,baseline,approve_everything,,320030.88600209355,3.612820731097667,88582,,,,,,,,,,,,,,,,,,,,,,0.0
ablation_full,ieee,stratified,uk_regulatory,baseline,decline_everything,,3016670.0,34.05511277686212,88582,,,,,,,,,,,,,,,,,,,,,,-842.6183946446549
ablation_full,ieee,stratified,uk_regulatory,xgboost,default_0.5,0.5,111635.08974337578,1.2602457580927928,88582,619.0,,0.867028000735173,24.775185277781645,0.9743400251779094,0.009159635023286627,0.0011342359738192147,0.03499582307918087,2363.0,227.0,85255.0,737.0,0.9123552123552123,0.762258064516129,0.8305799648506151,0.9891174279198934,0.029238445733896275,0.0026555298191432114,0.7140594965698824,0.0,0.0,65.11740128024847
ablation_full,ieee,stratified,uk_regulatory,xgboost,cost_optimal,0.375,105184.4335758686,1.187424460679016,88582,619.0,,0.867028000735173,24.775185277781645,0.9743400251779094,0.009159635023286627,0.0011342359738192147,0.03499582307918087,2447.0,346.0,85136.0,653.0,0.8761188686000716,0.7893548387096774,0.8304768369251655,0.9887223137883543,0.03153010769682328,0.004047635759575115,0.7556459563663663,6450.656167507172,5.778341005803636,67.1330367859618
ablation_full,ieee,stratified,uk_regulatory,xgboost,f1_optimal,0.4155844155844156,105574.14050221443,1.191823852500671,88582,619.1,,0.867028000735173,24.775185277781645,0.9743400251779094,0.009159635023286627,0.0011342359738192147,0.03499582307918087,2433.0,313.0,85169.0,667.0,0.8860160233066279,0.7848387096774193,0.8323640095791994,0.9889368043169041,0.03099952586304215,0.0036615895744133266,0.749958910252288,6060.949241161346,5.429251013363379,67.01126512472806
ablation_full,ieee,stratified,uk_regulatory,xgboost,youden_j,0.04288702928870293,209344.35413384438,2.363283219320453,88582,619.1,,0.867028000735173,24.775185277781645,0.9743400251779094,0.009159635023286627,0.0011342359738192147,0.03499582307918087,2817.0,4415.0,81067.0,283.0,0.38951880530973454,0.9087096774193548,0.5452961672473867,0.9469643945722608,0.08164186855117292,0.051648300226948364,0.8917173714297683,-97709.2643904686,-87.52558412868252,34.5862029915216
ablation_full,ieee,stratified,uk_regulatory,xgboost,elkan_closed_form,0.2779317269250646,104128.04327940941,1.1754988968346776,88582,619.1,,0.867028000735173,24.775185277781645,0.9743400251779094,0.009159635023286627,0.0011342359738192147,0.03499582307918087,2500.0,476.0,85006.0,600.0,0.8400537634408602,0.8064516129032258,0.8229098090849243,0.9878530626989682,0.03359599015601364,0.005568423761727615,0.775838657113477,7507.04646396637,6.72462975684742,67.46312689371855
ablation_full,ieee,stratified,uk_regulatory,xgboost,precision_target_90,0.5,111635.08974337578,1.2602457580927928,88582,619.2,True,0.867028000735173,24.775185277781645,0.9743400251779094,0.009159635023286627,0.0011342359738192147,0.03499582307918087,2363.0,227.0,85255.0,737.0,0.9123552123552123,0.762258064516129,0.8305799648506151,0.9891174279198934,0.029238445733896275,0.0026555298191432114,0.7140594965698824,0.0,0.0,65.11740128024847
ablation_full,ieee,stratified,uk_regulatory,xgboost,recall_target_90,0.04288702928870293,209344.35413384438,2.363283219320453,88582,619.2,True,0.867028000735173,24.775185277781645,0.9743400251779094,0.009159635023286627,0.0011342359738192147,0.03499582307918087,2817.0,4415.0,81067.0,283.0,0.38951880530973454,0.9087096774193548,0.5452961672473867,0.9469643945722608,0.08164186855117292,0.051648300226948364,0.8917173714297683,-97709.2643904686,-87.52558412868252,34.5862029915216
ablation_full,ieee,stratified,uk_regulatory,xgboost,example_dependent,,102045.39006876945,1.151987876416986,88582,,,0.867028000735173,24.775185277781645,0.9743400251779094,0.009159635023286627,0.0011342359738192147,0.03499582307918087,2477.0,466.0,85016.0,623.0,0.8416581719334013,0.7990322580645162,0.8197914942909151,0.9877063060215394,0.03322345397484816,0.005451440069254346,0.7901500929074032,9589.699674606323,8.590219882163312,68.11389321088781
temporal,ieee,temporal,uk_regulatory,baseline,approve_everything,,324230.3695139885,3.660269916957231,88581,,,,,,,,,,,,,,,,,,,,,,0.0
temporal,ieee,temporal,uk_regulatory,baseline,decline_everything,,3017094.0,34.0602838080401,88581,,,,,,,,,,,,,,,,,,,,,,-830.5402219176855
temporal,ieee,temporal,uk_regulatory,logistic,default_0.5,0.5,331573.48970234394,3.7431671543823613,88581,81.8,,0.17500827418431378,5.028351584664515,0.8182141250293343,0.04108913787273636,0.018777014532717663,0.03480430340592226,660.0,1559.0,83939.0,2423.0,0.2974312753492564,0.21407719753486865,0.24896265560165975,0.9550467933303982,0.025050518734265812,0.018234344663033055,0.12292424491041892,0.0,0.0,-2.2647848193130584
temporal,ieee,temporal,uk_regulatory,logistic,cost_optimal,0.26394052044609667,331099.1610326767,3.7378124093505005,88581,81.8,,0.17500827418431378,5.028351584664515,0.8182141250293343,0.04108913787273636,0.018777014532717663,0.03480430340592226,1076.0,2622.0,82876.0,2007.0,0.2909680908599243,0.34901070385987676,0.317357321928919,0.947742743929285,0.04174710152289995,0.030667384032375025,0.24307456200053507,474.32866966724396,0.14305385816370678,-2.1184910990862185
temporal,ieee,temporal,uk_regulatory,logistic,f1_optimal,0.22411869544988142,336360.929356575,3.797213051970231,88581,81.8,,0.17500827418431378,5.028351584664515,0.8182141250293343,0.04108913787273636,0.018777014532717663,0.03480430340592226,1158.0,3021.0,82477.0,1925.0,0.2770997846374731,0.37560817385663314,0.31892040760121176,0.9441640983958185,0.047177159887560535,0.035334159863388614,0.27363721332674734,-4787.4396542310715,-1.4438547721438142,-3.741339795149313
temporal,ieee,temporal,uk_regulatory,logistic,youden_j,0.03192227619708536,758107.06036973,8.558348408459263,88581,81.8,,0.17500827418431378,5.028351584664515,0.8182141250293343,0.04108913787273636,0.018777014532717663,0.03480430340592226,2236.0,18703.0,66795.0,847.0,0.1067863794832609,0.7252675964969186,0.18616268420614437,0.7792980435985144,0.23638251995348888,0.21875365505625863,0.7439339794860115,-426533.57066738605,-128.63922596776013,-133.81741244847282
temporal,ieee,temporal,uk_regulatory,logistic,elkan_closed_form,0.27958697180555464,326204.9445948601,3.6825610976943146,88581,81.9,,0.17500827418431378,5.028351584664515,0.8182141250293343,0.04108913787273636,0.018777014532717663,0.03480430340592226,927.0,2120.0,83378.0,2156.0,0.3042336724647194,0.30068115471942913,0.30244698205546494,0.951727797157404,0.03439789571126991,0.02479590165851833,0.20446020217485206,5368.545107483864,1.6191116823915108,-0.6090037413310204
temporal,ieee,temporal,uk_regulatory,logistic,precision_target_90,1.0,352041.53277111053,3.974232993205208,88581,81.9,True,0.17500827418431378,5.028351584664515,0.8182141250293343,0.04108913787273636,0.018777014532717663,0.03480430340592226,237.0,1211.0,84287.0,2846.0,0.16367403314917128,0.0768731754784301,0.10461266828514677,0.9542001106332058,0.01634662060712794,0.014164074013427215,0.031293701603409246,-20468.043068766594,-6.1730034832220495,-8.577593548318786
temporal,ieee,temporal,uk_regulatory,logistic,recall_target_90,0.015519299641862315,1596903.471158743,18.027607174887876,88581,81.9,True,0.17500827418431378,5.028351584664515,0.8182141250293343,0.04108913787273636,0.018777014532717663,0.03480430340592226,2746.0,44063.0,41435.0,337.0,0.05866393214980025,0.8906908855011353,0.11007776797883428,0.4987638432620991,0.5284316049717208,0.5153687805562703,0.9053050850998307,-1265329.981456399,-381.6137359450224,-392.5212507244318
temporal,ieee,temporal,uk_regulatory,logistic,example_dependent,,312693.17483866215,3.530025342214043,88581,,,0.17500827418431378,5.028351584664515,0.8182141250293343,0.04108913787273636,0.018777014532717663,0.03480430340592226,960.0,2666.0,82832.0,2123.0,0.26475455046883617,0.31138501459617257,0.28618273960351764,0.9459364875086079,0.04093428613359524,0.03118201595358956,0.37374082945464276,18880.314863681793,5.6941569365605185,3.558332519134544
temporal,ieee,temporal,uk_regulatory,random_forest,default_0.5,0.5,257161.29198789597,2.903120217517255,88581,156.3,,0.4761002682171845,13.679350586748757,0.8894012422321981,0.024433977128154205,0.008320197543494197,0.03480430340592226,1095.0,344.0,85154.0,1988.0,0.7609451007644198,0.3551735322737593,0.48429898275099514,0.973673812668631,0.01624501868346485,0.004023485929495427,0.20805951698256628,0.0,0.0,20.68562473855458
temporal,ieee,temporal,uk_regulatory,random_forest,cost_optimal,0.2963071197342756,273625.1593077183,3.088982505364788,88581,156.4,,0.4761002682171845,13.679350586748757,0.8894012422321981,0.024433977128154205,0.008320197543494197,0.03480430340592226,1380.0,1848.0,83650.0,1703.0,0.4275092936802974,0.44761595848199803,0.43733164316273176,0.9599123965635972,0.0364412232871609,0.021614540691010316,0.3462361847970603,-16463.86731982231,-6.402156091437443,15.6077946313684
temporal,ieee,temporal,uk_regulatory,random_forest,f1_optimal,0.2965913111608523,273450.1593077183,3.0870069124046724,88581,156.4,,0.4761002682171845,13.679350586748757,0.8894012422321981,0.024433977128154205,0.008320197543494197,0.03480430340592226,1380.0,1843.0,83655.0,1703.0,0.4281725100837729,0.44761595848199803,0.43767840152235965,0.9599688420767433,0.03638477777401474,0.0215560597908723,0.3462361847970603,-16288.867319822311,-6.3341054145073254,15.661768600636707
temporal,ieee,temporal,uk_regulatory,random_forest,youden_j,0.03349282296650718,629380.936807394,7.105145988500853,88581,156.4,,0.4761002682171845,13.679350586748757,0.8894012422321981,0.024433977128154205,0.008320197543494197,0.03480430340592226,2520.0,15605.0,69893.0,563.0,0.13903448275862068,0.817385663314953,0.23764617125612977,0.817477788690577,0.20461498515483004,0.1825188893307446,0.7967014676241928,-372219.64481949806,-144.74170740945632,-94.11535623600497
temporal,ieee,temporal,uk_regulatory,random_forest,elkan_closed_form,0.27958697180555464,287268.44443774223,3.243002951397503,88581,156.4,,0.4761002682171845,13.679350586748757,0.8894012422321981,0.024433977128154205,0.008320197543494197,0.03480430340592226,1408.0,2314.0,83184.0,1675.0,0.3782912412681354,0.45669802140771976,0.4138133725202057,0.9549677696119936,0.04201803998600151,0.027064960583873306,0.3550272985242893,-30107.152449846268,-11.707497740858818,11.399896046644573
temporal,ieee,temporal,uk_regulatory,random_forest,precision_target_90,0.85,284261.5853885412,3.209058210999438,88581,156.5,True,0.4761002682171845,13.679350586748757,0.8894012422321981,0.024433977128154205,0.008320197543494197,0.03480430340592226,618.0,64.0,85434.0,2465.0,0.906158357771261,0.2004541031462861,0.3282868525896414,0.9714498594506723,0.007699167993136226,0.000748555521766591,0.1042763743098716,-27100.293400645256,-10.538247490964078,12.327279577591472
temporal,ieee,temporal,uk_regulatory,random_forest,recall_target_90,0.01310528653931586,1248627.3252358437,14.095882020250885,88581,156.5,True,0.4761002682171845,13.679350586748757,0.8894012422321981,0.024433977128154205,0.008320197543494197,0.03480430340592226,2830.0,34228.0,51270.0,253.0,0.07636677640455503,0.9179370742783004,0.1410029645499614,0.6107404522414513,0.41835156523407957,0.40033684998479496,0.9103894436721132,-991466.0332479477,-385.5424840899516,-285.10498788484813
temporal,ieee,temporal,uk_regulatory,random_forest,example_dependent,,249824.6450304985,2.8202960570607525,88581,,,0.4761002682171845,13.679350586748757,0.8894012422321981,0.024433977128154205,0.008320197543494197,0.03480430340592226,1398.0,1940.0,83558.0,1685.0,0.41881366087477534,0.45345442750567627,0.4354461921819031,0.959077002969034,0.03768302457637642,0.02269058925354979,0.48831254552842623,7336.646957397461,2.852935953418208,22.94841306661739
temporal,ieee,temporal,uk_regulatory,xgboost,default_0.5,0.5,242890.6973581314,2.742018010161676,88581,214.3,,0.5386565366682714,15.476722242819381,0.9101991975927312,0.021507673791513904,0.004980784903556035,0.03480430340592226,1212.0,311.0,85187.0,1871.0,0.7957977675640184,0.39312358092766786,0.5262700825010855,0.9753671780630158,0.01719330330432034,0.0036375119885845284,0.255427780207458,0.0,0.0,25.086999801339644
temporal,ieee,temporal,uk_regulatory,xgboost,cost_optimal,0.22727272727272727,238157.67674303055,2.6885864546915315,88581,214.3,,0.5386565366682714,15.476722242819381,0.9101991975927312,0.021507673791513904,0.004980784903556035,0.03480430340592226,1691.0,1620.0,83878.0,1392.0,0.5107218363032316,0.5484917288355498,0.5289333750390992,0.9659972228807532,0.03737821880538716,0.018947811644716834,0.4323864543792534,4733.020615100861,1.9486216090533244,26.5467707112009
temporal,ieee,temporal,uk_regulatory,xgboost,f1_optimal,0.329608938547486,236422.06633925438,2.6689929707189397,88581,214.4,,0.5386565366682714,15.476722242819381,0.9101991975927312,0.021507673791513904,0.004980784903556035,0.03480430340592226,1587.0,1181.0,84317.0,1496.0,0.5733381502890174,0.5147583522542978,0.5424713724149718,0.9697790722615459,0.03124823607771418,0.013813188612599125,0.3796553131715548,6468.631018877029,2.663185988279874,27.082072326030442
temporal,ieee,temporal,uk_regulatory,xgboost,youden_j,0.0381451009723261,567491.1140675545,6.406465427885827,88581,214.4,,0.5386565366682714,15.476722242819381,0.9101991975927312,0.021507673791513904,0.004980784903556035,0.03480430340592226,2557.0,14166.0,71332.0,526.0,0.15290318722717217,0.8293869607525138,0.25820458446935274,0.8341405041713235,0.18878766326864677,0.16568808627102388,0.8514511480407531,-324600.41670942307,-133.6405305925794,-75.02713114697012
temporal,ieee,temporal,uk_regulatory,xgboost,elkan_closed_form,0.27958697180555464,236977.39664626122,2.6752621515478627,88581,214.4,,0.5386565366682714,15.476722242819381,0.9101991975927312,0.021507673791513904,0.004980784903556035,0.03480430340592226,1600.0,1235.0,84263.0,1483.0,0.564373897707231,0.5189750243269543,0.540723217303143,0.9693162190537474,0.03200460595387273,0.014444782334089686,0.3842573905144535,5913.3007118701935,2.434552157076357,26.910795863606744
temporal,ieee,temporal,uk_regulatory,xgboost,precision_target_90,0.8362927563396918,261163.43419909477,2.9483008116762597,88581,214.4,True,0.5386565366682714,15.476722242819381,0.9101991975927312,0.021507673791513904,0.004980784903556035,0.03480430340592226,902.0,126.0,85372.0,2181.0,0.877431906614786,0.29257216996432045,0.4388226708829968,0.9739560402343618,0.011605197502850498,0.001473718683477976,0.18384791265011324,-18272.736840963364,-7.523028687270404,19.45127330589949
temporal,ieee,temporal,uk_regulatory,xgboost,recall_target_90,0.01221001221001221,896290.1874353886,10.11831191153169,88581,214.5,True,0.5386565366682714,15.476722242819381,0.9101991975927312,0.021507673791513904,0.004980784903556035,0.03480430340592226,2776.0,24154.0,61344.0,307.0,0.10308206461195693,0.9004216672072657,0.1849865058474661,0.723857260586356,0.30401553380521784,0.2825095323867225,0.9197975286445821,-653399.4900772572,-269.0096809734335,-176.4362230407042
temporal,ieee,temporal,uk_regulatory,xgboost,example_dependent,,212666.65361845493,2.4008156785140713,88581,,,0.5386565366682714,15.476722242819381,0.9101991975927312,0.021507673791513904,0.004980784903556035,0.03480430340592226,1604.0,1419.0,84079.0,1479.0,0.5305987429705591,0.5202724618877717,0.5253848673435965,0.9672841805804857,0.034126957248168346,0.016596879459168636,0.5492358973909727,30224.043739676476,12.443475220919014,34.408780418306954
ulb,ulb,stratified,uk_regulatory,baseline,approve_everything,,6935.428112089634,0.16233856355249365,42722,,,,,,,,,,,,,,,,,,,,,,0.0
ulb,ulb,stratified,uk_regulatory,baseline,decline_everything,,1493272.0,34.953232526567106,42722,,,,,,,,,,,,,,,,,,,,,,-21431.071706979015
ulb,ulb,stratified,uk_regulatory,logistic,default_0.5,0.5,4037.743317127228,0.09451203869498684,42722,1.4,,0.7041149325097075,406.5026776578341,0.9315502897382469,0.0006996277828816844,0.00030264899925980867,0.0017321286456626562,49.0,7.0,42641.0,25.0,0.875,0.6621621621621622,0.7538461538461538,0.9992509713964702,0.0013108000561771452,0.00016413430876008255,0.36880082541561787,0.0,0.0,41.78090736621215
ulb,ulb,stratified,uk_regulatory,logistic,cost_optimal,0.165,3824.607310473919,0.08952313352544167,42722,1.4,,0.7041149325097075,406.5026776578341,0.9315502897382469,0.0006996277828816844,0.00030264899925980867,0.0017321286456626562,57.0,22.0,42626.0,17.0,0.7215189873417721,0.7702702702702703,0.7450980392156863,0.9990871213894481,0.001849164364964187,0.0005158506846745451,0.4914314442748642,213.13600665330887,5.278592270817026,44.85405589011908
ulb,ulb,stratified,uk_regulatory,logistic,f1_optimal,0.0425531914893617,7246.334059774876,0.16961598379698692,42722,1.4,,0.7041149325097075,406.5026776578341,0.9315502897382469,0.0006996277828816844,0.00030264899925980867,0.0017321286456626562,62.0,126.0,42522.0,12.0,0.32978723404255317,0.8378378378378378,0.4732824427480916,0.9967698141472777,0.004400543045737559,0.0029544175576814856,0.5006601510187717,-3208.590742647648,-79.46495085602655,-4.482865984051938
ulb,ulb,stratified,uk_regulatory,logistic,youden_j,0.16666666666666666,3824.607310473919,0.08952313352544167,42722,1.4,,0.7041149325097075,406.5026776578341,0.9315502897382469,0.0006996277828816844,0.00030264899925980867,0.0017321286456626562,57.0,22.0,42626.0,17.0,0.7215189873417721,0.7702702702702703,0.7450980392156863,0.9990871213894481,0.001849164364964187,0.0005158506846745451,0.4914314442748642,213.13600665330887,5.278592270817026,44.85405589011908
ulb,ulb,stratified,uk_regulatory,logistic,elkan_closed_form,0.3204273034057849,3933.0833134651184,0.09206224693284767,42722,1.4,,0.7041149325097075,406.5026776578341,0.9315502897382469,0.0006996277828816844,0.00030264899925980867,0.0017321286456626562,51.0,10.0,42638.0,23.0,0.8360655737704918,0.6891891891891891,0.7555555555555555,0.99922756425261,0.0014278357754786762,0.00023447758394297505,0.40642743590071745,104.66000366210938,2.5920420255087646,43.28997071414981
ulb,ulb,stratified,uk_regulatory,logistic,precision_target_90,0.7333333333333333,4306.509822547436,0.1008030949521894,42722,1.4,False,0.7041149325097075,406.5026776578341,0.9315502897382469,0.0006996277828816844,0.00030264899925980867,0.0017321286456626562,41.0,4.0,42644.0,33.0,0.9111111111111111,0.5540540540540541,0.6890756302521008,0.9991339356771687,0.0010533214737137775,9.379103357719002e-05,0.3472315471064712,-268.766505420208,-6.656354411637783,37.90563822526752
ulb,ulb,stratified,uk_regulatory,logistic,recall_target_90,0.0003734129947722181,257902.81853753328,6.036768375486477,42722,1.4,True,0.7041149325097075,406.5026776578341,0.9315502897382469,0.0006996277828816844,0.00030264899925980867,0.0017321286456626562,66.0,7303.0,35345.0,8.0,0.008956439136924956,0.8918918918918919,0.0177347843611447,0.8288703712373017,0.17248724310659613,0.1712389795535547,0.6089733679951554,-253865.07522040606,-6287.300981802526,-3618.6286753944532
ulb,ulb,stratified,uk_regulatory,logistic,example_dependent,,3716.4583134651184,0.08699167439410885,42722,,,0.7041149325097075,406.5026776578341,0.9315502897382469,0.0006996277828816844,0.00030264899925980867,0.0017321286456626562,51.0,8.0,42640.0,23.0,0.864406779661017,0.6891891891891891,0.7669172932330827,0.9992743785403305,0.0013810214877580638,0.00018758206715438003,0.4470952508739772,321.2850036621094,7.9570437848113915,46.41342605820255
ulb,ulb,stratified,uk_regulatory,random_forest,default_0.5,0.5,3495.7450671195984,0.08182540768502407,42722,137.4,,0.804689243839726,464.56667399082124,0.9354529156336978,0.0004448231151585565,0.00017189146506754678,0.0017321286456626562,53.0,2.0,42646.0,21.0,0.9636363636363636,0.7162162162162162,0.8217054263565892,0.9994616356912129,0.001287392912316839,4.689551678859501e-05,0.4295421000494792,0.0,0.0,49.59582868394355
ulb,ulb,stratified,uk_regulatory,random_forest,cost_optimal,0.375,3220.3043127655983,0.07537812632286874,42722,137.4,,0.804689243839726,464.56667399082124,0.9354529156336978,0.0004448231151585565,0.00017189146506754678,0.0017321286456626562,61.0,7.0,42641.0,13.0,0.8970588235294118,0.8243243243243243,0.8591549295774648,0.9995318571227939,0.0015916857825008192,0.00016413430876008255,0.4723777009125171,275.4407543540001,7.879314683005646,53.56733195529691
ulb,ulb,stratified,uk_regulatory,random_forest,f1_optimal,0.375,3220.3043127655983,0.07537812632286874,42722,137.4,,0.804689243839726,464.56667399082124,0.9354529156336978,0.0004448231151585565,0.00017189146506754678,0.0017321286456626562,61.0,7.0,42641.0,13.0,0.8970588235294118,0.8243243243243243,0.8591549295774648,0.9995318571227939,0.0015916857825008192,0.00016413430876008255,0.4723777009125171,275.4407543540001,7.879314683005646,53.56733195529691
ulb,ulb,stratified,uk_regulatory,random_forest,youden_j,0.005763688760806916,26222.416548788548,0.6137918765223667,42722,137.4,,0.804689243839726,464.56667399082124,0.9354529156336978,0.0004448231151585565,0.00017189146506754678,0.0017321286456626562,64.0,678.0,41970.0,10.0,0.0862533692722372,0.8648648648648649,0.1568627450980392,0.9838958850241094,0.017368100744347175,0.015897580191333707,0.575524384654133,-22726.67148166895,-650.1238232568007,-278.0936969569103
ulb,ulb,stratified,uk_regulatory,random_forest,elkan_closed_form,0.3204273034057849,3220.3043127655983,0.07537812632286874,42722,137.4,,0.804689243839726,464.56667399082124,0.9354529156336978,0.0004448231151585565,0.00017189146506754678,0.0017321286456626562,61.0,7.0,42641.0,13.0,0.8970588235294118,0.8243243243243243,0.8591549295774648,0.9995318571227939,0.0015916857825008192,0.00016413430876008255,0.4723777009125171,275.4407543540001,7.879314683005646,53.56733195529691
ulb,ulb,stratified,uk_regulatory,random_forest,precision_target_90,0.39880480431564963,3495.7450671195984,0.08182540768502407,42722,137.4,True,0.804689243839726,464.56667399082124,0.9354529156336978,0.0004448231151585565,0.00017189146506754678,0.0017321286456626562,53.0,2.0,42646.0,21.0,0.9636363636363636,0.7162162162162162,0.8217054263565892,0.9994616356912129,0.001287392912316839,4.689551678859501e-05,0.4295421000494792,0.0,0.0,49.59582868394355
ulb,ulb,stratified,uk_regulatory,random_forest,recall_target_90,0.00028292544914415053,555554.4725256562,13.003943460644544,42722,137.4,True,0.804689243839726,464.56667399082124,0.9354529156336978,0.0004448231151585565,0.00017189146506754678,0.0017321286456626562,68.0,15827.0,26821.0,6.0,0.0042780748663101605,0.918918918918919,0.008516500720145282,0.6293946912597724,0.3720565516595665,0.3711076721065466,0.7793681713491749,-552058.7274585366,-15792.305126913,-7910.38470223965
ulb,ulb,stratified,uk_regulatory,random_forest,example_dependent,,3358.085063457489,0.07860318017549481,42722,,,0.804689243839726,464.56667399082124,0.9354529156336978,0.0004448231151585565,0.00017189146506754678,0.0017321286456626562,54.0,3.0,42645.0,20.0,0.9473684210526315,0.7297297297297297,0.8244274809160306,0.9994616356912129,0.0013342072000374515,7.034327518289252e-05,0.46716871053457876,137.66000366210938,3.937930284359597,51.580709810779034
ulb,ulb,stratified,uk_regulatory,xgboost,default_0.5,0.5,3413.757310450077,0.07990630846987681,42722,3.3,,0.7883549423727836,455.13648443310893,0.966936759494441,0.00047772909623898285,0.0002045101504635729,0.0017321286456626562,61.0,15.0,42633.0,13.0,0.8026315789473685,0.8243243243243243,0.8133333333333334,0.9993445999719114,0.0017789429333832686,0.00035171637591446255,0.49638230605668415,0.0,0.0,50.777987237740724
ulb,ulb,stratified,uk_regulatory,xgboost,cost_optimal,0.6,3274.7275634407997,0.07665201918076868,42722,3.3,,0.7883549423727836,455.13648443310893,0.966936759494441,0.00047772909623898285,0.0002045101504635729,0.0017321286456626562,59.0,6.0,42642.0,15.0,0.9076923076923077,0.7972972972972973,0.8489208633093526,0.9995084499789336,0.0015214643509199007,0.00014068655036578504,0.46809992366517145,139.02974700927734,4.072631249552633,52.78261831115528
ulb,ulb,stratified,uk_regulatory,xgboost,f1_optimal,0.5,3413.757310450077,0.07990630846987681,42722,3.3,,0.7883549423727836,455.13648443310893,0.966936759494441,0.00047772909623898285,0.0002045101504635729,0.0017321286456626562,61.0,15.0,42633.0,13.0,0.8026315789473685,0.8243243243243243,0.8133333333333334,0.9993445999719114,0.0017789429333832686,0.00035171637591446255,0.49638230605668415,0.0,0.0,50.777987237740724
ulb,ulb,stratified,uk_regulatory,xgboost,youden_j,0.003787878787878788,21034.334059774876,0.4923536833428883,42722,3.3,,0.7883549423727836,455.13648443310893,0.966936759494441,0.00047772909623898285,0.0002045101504635729,0.0017321286456626562,63.0,521.0,42127.0,11.0,0.10787671232876712,0.8513513513513513,0.19148936170212766,0.9875473994663171,0.013669772014418801,0.012216282123429,0.5006601510187717,-17620.5767493248,-516.1637207010965,-203.2881852399053
ulb,ulb,stratified,uk_regulatory,xgboost,elkan_closed_form,0.3204273034057849,3413.757310450077,0.07990630846987681,42722,3.4,,0.7883549423727836,455.13648443310893,0.966936759494441,0.00047772909623898285,0.0002045101504635729,0.0017321286456626562,61.0,15.0,42633.0,13.0,0.8026315789473685,0.8243243243243243,0.8133333333333334,0.9993445999719114,0.0017789429333832686,0.00035171637591446255,0.49638230605668415,0.0,0.0,50.777987237740724
ulb,ulb,stratified,uk_regulatory,xgboost,precision_target_90,0.6,3274.7275634407997,0.07665201918076868,42722,3.4,True,0.7883549423727836,455.13648443310893,0.966936759494441,0.00047772909623898285,0.0002045101504635729,0.0017321286456626562,59.0,6.0,42642.0,15.0,0.9076923076923077,0.7972972972972973,0.8489208633093526,0.9995084499789336,0.0015214643509199007,0.00014068655036578504,0.46809992366517145,139.02974700927734,4.072631249552633,52.78261831115528
ulb,ulb,stratified,uk_regulatory,xgboost,recall_target_90,0.003787878787878788,21034.334059774876,0.4923536833428883,42722,3.4,True,0.7883549423727836,455.13648443310893,0.966936759494441,0.00047772909623898285,0.0002045101504635729,0.0017321286456626562,63.0,521.0,42127.0,11.0,0.10787671232876712,0.8513513513513513,0.19148936170212766,0.9875473994663171,0.013669772014418801,0.012216282123429,0.5006601510187717,-17620.5767493248,-516.1637207010965,-203.2881852399053
ulb,ulb,stratified,uk_regulatory,xgboost,example_dependent,,3413.757310450077,0.07990630846987681,42722,,,0.7883549423727836,455.13648443310893,0.966936759494441,0.00047772909623898285,0.0002045101504635729,0.0017321286456626562,61.0,15.0,42633.0,13.0,0.8026315789473685,0.8243243243243243,0.8133333333333334,0.9993445999719114,0.0017789429333832686,0.00035171637591446255,0.49638230605668415,0.0,0.0,50.777987237740724
seed_0,ieee,stratified,uk_regulatory,baseline,approve_everything,,81432.00517667085,3.619039383879421,22501,,,,,,,,,,,,,,,,,,,,,,0.0
seed_0,ieee,stratified,uk_regulatory,baseline,decline_everything,,766259.0,34.054442024798895,22501,,,,,,,,,,,,,,,,,,,,,,-840.9801445237193
seed_0,ieee,stratified,uk_regulatory,xgboost,default_0.5,0.5,46808.841626651585,2.0803005033843647,22501,86.0,,0.6803930190828762,19.42832908931954,0.9359972832014132,0.016733335900063123,0.003093356215989511,0.03502066574818897,426.0,80.0,21633.0,362.0,0.841897233201581,0.5406091370558376,0.6584234930448223,0.9803564286031732,0.022487889427136573,0.0036844286832772993,0.4711816371257881,0.0,0.0,42.517881605521765
seed_0,ieee,stratified,uk_regulatory,xgboost,cost_optimal,0.21739130434782608,45682.2235705927,2.0302308151012265,22501,86.0,,0.6803930190828762,19.42832908931954,0.9359972832014132,0.016733335900063123,0.003093356215989511,0.03502066574818897,518.0,319.0,21394.0,270.0,0.6188769414575866,0.6573604060913706,0.6375384615384615,0.9738233856273054,0.03719834674014488,0.014691659374568232,0.6036017334938817,1126.6180560588837,2.4068488279304487,43.901389298368855
seed_0,ieee,stratified,uk_regulatory,xgboost,f1_optimal,0.3333333333333333,43999.841603286564,1.9554616062969008,22501,86.0,,0.6803930190828762,19.42832908931954,0.9359972832014132,0.016733335900063123,0.003093356215989511,0.03502066574818897,490.0,195.0,21518.0,298.0,0.7153284671532847,0.6218274111675127,0.6653088934147997,0.9780898626727701,0.030443091418159193,0.008980794915488416,0.5683277177949589,2809.0000233650208,6.001003070679832,45.967385295466215
seed_0,ieee,stratified,uk_regulatory,xgboost,youden_j,0.037037037037037035,83202.64485001564,3.6977309830681144,22501,86.0,,0.6803930190828762,19.42832908931954,0.9359972832014132,0.016733335900063123,0.003093356215989511,0.03502066574818897,647.0,1807.0,19906.0,141.0,0.2636511817440913,0.8210659898477157,0.39913633559531153,0.9134260699524466,0.10906181947469001,0.083222032883526,0.8164829936834009,-36393.803223364055,-77.74984801726536,-2.1743780832896094
seed_0,ieee,stratified,uk_regulatory,xgboost,elkan_closed_form,0.2780755472168546,43999.841603286564,1.9554616062969008,22501,86.0,,0.6803930190828762,19.42832908931954,0.9359972832014132,0.016733335900063123,0.003093356215989511,0.03502066574818897,490.0,195.0,21518.0,298.0,0.7153284671532847,0.6218274111675127,0.6653088934147997,0.9780898626727701,0.030443091418159193,0.008980794915488416,0.5683277177949589,2809.0000233650208,6.001003070679832,45.967385295466215
seed_0,ieee,stratified,uk_regulatory,xgboost,precision_target_90,0.6666666666666666,50604.384976394475,2.2489838218921148,22501,86.0,True,0.6803930190828762,19.42832908931954,0.9359972832014132,0.016733335900063123,0.003093356215989511,0.03502066574818897,386.0,53.0,21660.0,402.0,0.8792710706150342,0.48984771573604063,0.6291768541157294,0.9797786765032666,0.01951024398915604,0.002440934002671211,0.4002571028070498,-3795.5433497428894,-8.108603455766396,37.85688456693937
seed_0,ieee,stratified,uk_regulatory,xgboost,recall_target_90,0.015332197614991482,229940.5567202568,10.219126115295179,22501,86.0,True,0.6803930190828762,19.42832908931954,0.9359972832014132,0.016733335900063123,0.003093356215989511,0.03502066574818897,728.0,6232.0,15481.0,60.0,0.10459770114942529,0.9238578680203046,0.18791946308724833,0.7203679836451713,0.30931958579618685,0.2870169944273016,0.9282922104511127,-183131.71509360522,-391.2331703362114,-182.37123256560997
seed_0,ieee,stratified,uk_regulatory,xgboost,example_dependent,,42261.353296764195,1.8781988932387093,22501,,,0.6803930190828762,19.42832908931954,0.9359972832014132,0.016733335900063123,0.003093356215989511,0.03502066574818897,488.0,229.0,21484.0,300.0,0.6806136680613668,0.6192893401015228,0.6485049833887043,0.9764899337807209,0.03186525043331408,0.01054667710588127,0.6336389512876935,4547.48832988739,9.715020008737373,48.10228090899143
seed_1,ieee,stratified,uk_regulatory,baseline,approve_everything,,83142.41296965629,3.6950541295789647,22501,,,,,,,,,,,,,,,,,,,,,,0.0
seed_1,ieee,stratified,uk_regulatory,baseline,decline_everything,,766259.0,34.054442024798895,22501,,,,,,,,,,,,,,,,,,,,,,-821.6222775247747
seed_1,ieee,stratified,uk_regulatory,xgboost,default_0.5,0.5,47604.704627759755,2.1156706203173083,22501,67.4,,0.7059013574802311,20.15670868612015,0.9394704300050896,0.015643724008577546,0.0024179062011846233,0.03502066574818897,411.0,44.0,21669.0,377.0,0.9032967032967033,0.5215736040609137,0.6613032984714401,0.9812897204568686,0.02022132349673348,0.0020264357758025147,0.45867453262135266,0.0,0.0,42.74317652395583
seed_1,ieee,stratified,uk_regulatory,xgboost,cost_optimal,0.30545682465154317,41750.945278175175,1.855515100581093,22501,67.4,,0.7059013574802311,20.15670868612015,0.9394704300050896,0.015643724008577546,0.0024179062011846233,0.03502066574818897,514.0,193.0,21520.0,274.0,0.727015558698727,0.6522842639593909,0.6876254180602007,0.9792453668725835,0.03142082574107818,0.008888684198406485,0.6108849420211756,5853.7593495845795,12.296598404207037,49.783818165810715
seed_1,ieee,stratified,uk_regulatory,xgboost,f1_optimal,0.3013091638710523,41750.945278175175,1.855515100581093,22501,67.4,,0.7059013574802311,20.15670868612015,0.9394704300050896,0.015643724008577546,0.0024179062011846233,0.03502066574818897,514.0,193.0,21520.0,274.0,0.727015558698727,0.6522842639593909,0.6876254180602007,0.9792453668725835,0.03142082574107818,0.008888684198406485,0.6108849420211756,5853.7593495845795,12.296598404207037,49.783818165810715
seed_1,ieee,stratified,uk_regulatory,xgboost,youden_j,0.08,61059.44178557396,2.71363236236496,22501,67.4,,0.7059013574802311,20.15670868612015,0.9394704300050896,0.015643724008577546,0.0024179062011846233,0.03502066574818897,619.0,1069.0,20644.0,169.0,0.36670616113744076,0.7855329949238579,0.5,0.9449802231011954,0.07501888804942003,0.04923317828029291,0.7674730709320408,-13454.737157814205,-28.263461065502206,26.56041651346076
seed_1,ieee,stratified,uk_regulatory,xgboost,elkan_closed_form,0.2804615620586536,41373.734475143254,1.8387509210765411,22501,67.4,,0.7059013574802311,20.15670868612015,0.9394704300050896,0.015643724008577546,0.0024179062011846233,0.03502066574818897,521.0,200.0,21513.0,267.0,0.7226074895977809,0.6611675126903553,0.6905235255135852,0.9792453668725835,0.032043020310208434,0.009211071708193248,0.6185022354120664,6230.970152616501,13.08897975807003,50.23751055884914
seed_1,ieee,stratified,uk_regulatory,xgboost,precision_target_90,0.704555824098166,50117.18238950521,2.227331335918635,22501,67.4,True,0.7059013574802311,20.15670868612015,0.9394704300050896,0.015643724008577546,0.0024179062011846233,0.03502066574818897,381.0,28.0,21685.0,407.0,0.9315403422982885,0.48350253807106597,0.6365914786967418,0.9806675258877383,0.018176969912448337,0.0012895500391470547,0.41751725159416575,-2512.477761745453,-5.2777929857805495,39.72127991065642
seed_1,ieee,stratified,uk_regulatory,xgboost,recall_target_90,0.01048951048951049,176619.33441877365,7.849399334197309,22501,67.4,True,0.7059013574802311,20.15670868612015,0.9394704300050896,0.015643724008577546,0.0024179062011846233,0.03502066574818897,725.0,4645.0,17068.0,63.0,0.13500931098696461,0.9200507614213198,0.23546606040922377,0.790764854895338,0.23865605973067863,0.21392714042278818,0.8865549061670895,-129014.6297910139,-271.01235224507946,-112.42988759928433
seed_1,ieee,stratified,uk_regulatory,xgboost,example_dependent,,40637.79827285558,1.8060440990558455,22501,,,0.7059013574802311,20.15670868612015,0.9394704300050896,0.015643724008577546,0.0024179062011846233,0.03502066574818897,497.0,197.0,21516.0,291.0,0.7161383285302594,0.6307106598984772,0.6707152496626181,0.9783120750188881,0.030843073641171503,0.00907290563257035,0.6503574922554813,6966.906354904175,14.634911421846233,51.122661922637754
seed_2,ieee,stratified,uk_regulatory,baseline,approve_everything,,81636.69261965156,3.6281361992645462,22501,,,,,,,,,,,,,,,,,,,,,,0.0
seed_2,ieee,stratified,uk_regulatory,baseline,decline_everything,,766259.0,34.054442024798895,22501,,,,,,,,,,,,,,,,,,,,,,-838.6208277324876
seed_2,ieee,stratified,uk_regulatory,xgboost,default_0.5,0.5,47177.88467028737,2.096701687493328,22501,43.2,,0.6704800134723103,19.145267491294994,0.9270711351897776,0.016995146745304945,0.004342612935917936,0.03502066574818897,420.0,85.0,21628.0,368.0,0.8316831683168316,0.5329949238578681,0.6496519721577726,0.9798675614417137,0.02244344695791298,0.0039147054759821305,0.47413116719719506,0.0,0.0,42.2099509958213
seed_2,ieee,stratified,uk_regulatory,xgboost,cost_optimal,0.4915254237288136,45392.39060643315,2.017349922511584,22501,43.2,,0.6704800134723103,19.145267491294994,0.9270711351897776,0.016995146745304945,0.004342612935917936,0.03502066574818897,465.0,157.0,21556.0,323.0,0.747588424437299,0.5901015228426396,0.6595744680851063,0.9786676147726767,0.02764321585707302,0.0072306912909317,0.5313135694051543,1785.4940638542175,3.784599662177566,44.3970729952057
seed_2,ieee,stratified,uk_regulatory,xgboost,f1_optimal,0.4915254237288136,45392.39060643315,2.017349922511584,22501,43.2,,0.6704800134723103,19.145267491294994,0.9270711351897776,0.016995146745304945,0.004342612935917936,0.03502066574818897,465.0,157.0,21556.0,323.0,0.747588424437299,0.5901015228426396,0.6595744680851063,0.9786676147726767,0.02764321585707302,0.0072306912909317,0.5313135694051543,1785.4940638542175,3.784599662177566,44.3970729952057
seed_2,ieee,stratified,uk_regulatory,xgboost,youden_j,0.03310344827586207,108656.49793219566,4.828963065294683,22501,43.3,,0.6704800134723103,19.145267491294994,0.9270711351897776,0.016995146745304945,0.004342612935917936,0.03502066574818897,657.0,2547.0,19166.0,131.0,0.2050561797752809,0.833756345177665,0.32915831663326656,0.8809830674192258,0.14239367139238257,0.11730299820384102,0.818945536392016,-61478.61326190829,-130.31235650255323,-33.09762368550427
seed_2,ieee,stratified,uk_regulatory,xgboost,elkan_closed_form,0.27758088263276864,45070.983201533556,2.0030657838111,22501,43.3,,0.6704800134723103,19.145267491294994,0.9270711351897776,0.016995146745304945,0.004342612935917936,0.03502066574818897,474.0,166.0,21547.0,314.0,0.740625,0.6015228426395939,0.6638655462184874,0.9786676147726767,0.02844318030309764,0.0076451895178003965,0.5378841191946728,2106.9014687538147,4.465866758288001,44.79077758389726
seed_2,ieee,stratified,uk_regulatory,xgboost,precision_target_90,0.6190476190476191,51386.833115428686,2.283757749230198,22501,43.3,True,0.6704800134723103,19.145267491294994,0.9270711351897776,0.016995146745304945,0.004342612935917936,0.03502066574818897,376.0,37.0,21676.0,412.0,0.910411622276029,0.47715736040609136,0.6261448792672772,0.980045331318608,0.018354739789342697,0.001704048266015751,0.38185627506030884,-4208.9484451413155,-8.921443753903851,37.05424427856003
seed_2,ieee,stratified,uk_regulatory,xgboost,recall_target_90,0.01507537688442211,186817.11486840248,8.302613877978867,22501,43.3,True,0.6704800134723103,19.145267491294994,0.9270711351897776,0.016995146745304945,0.004342612935917936,0.03502066574818897,701.0,4915.0,16798.0,87.0,0.12482193732193732,0.8895939086294417,0.21892567145534042,0.7776987689436025,0.2495889071596818,0.22636208722884907,0.8858923599594053,-139639.2301981151,-295.9845087884152,-128.83964167778146
seed_2,ieee,stratified,uk_regulatory,xgboost,example_dependent,,42418.02574971318,1.885161803907079,22501,,,0.6704800134723103,19.145267491294994,0.9270711351897776,0.016995146745304945,0.004342612935917936,0.03502066574818897,484.0,247.0,21466.0,304.0,0.6621067031463749,0.6142131979695431,0.6372613561553654,0.9755121994578019,0.03248744500244433,0.011375673559618662,0.6487183697335126,4759.858920574188,10.089174098922555,48.04048965170555
seed_42,ieee,stratified,uk_regulatory,baseline,approve_everything,,83485.89767588675,3.7103194380643862,22501,,,,,,,,,,,,,,,,,,,,,,0.0
seed_42,ieee,stratified,uk_regulatory,baseline,decline_everything,,766259.0,34.054442024798895,22501,,,,,,,,,,,,,,,,,,,,,,-817.8304615886268
seed_42,ieee,stratified,uk_regulatory,xgboost,default_0.5,0.5,50615.44121493399,2.249475188433136,22501,64.4,,0.6707151519014546,19.15198176768354,0.932311130364485,0.01710812607119966,0.002143998742909808,0.03502066574818897,417.0,87.0,21626.0,371.0,0.8273809523809523,0.5291878172588832,0.6455108359133127,0.9796453490955958,0.02239900448868939,0.004006816193064063,0.42657099074961996,0.0,0.0,39.372465740937635
seed_42,ieee,stratified,uk_regulatory,xgboost,cost_optimal,0.45454545454545453,48186.88192476332,2.141544016922062,22501,64.4,,0.6707151519014546,19.15198176768354,0.932311130364485,0.01710812607119966,0.002143998742909808,0.03502066574818897,459.0,139.0,21574.0,329.0,0.7675585284280937,0.5824873096446701,0.6623376623376623,0.9792009244033598,0.026576596595706856,0.006401694837194307,0.48267739655443065,2428.5592901706696,4.798060101576528,42.281411272791345
seed_42,ieee,stratified,uk_regulatory,xgboost,f1_optimal,0.23529411764705882,47522.30042159557,2.1120083739209625,22501,64.4,,0.6707151519014546,19.15198176768354,0.932311130364485,0.01710812607119966,0.002143998742909808,0.03502066574818897,502.0,249.0,21464.0,286.0,0.6684420772303595,0.6370558375634517,0.6523716699155295,0.9762232789653793,0.03337629438691614,0.011467784276700595,0.5435525103236128,3093.140793338418,6.111061603125555,43.07745170796498
seed_42,ieee,stratified,uk_regulatory,xgboost,youden_j,0.0452796356593743,76456.70327532291,3.397924682250696,22501,64.4,,0.6707151519014546,19.15198176768354,0.932311130364485,0.01710812607119966,0.002143998742909808,0.03502066574818897,615.0,1406.0,20307.0,173.0,0.30430479960415635,0.7804568527918782,0.43787824848700607,0.9298253410959513,0.08981823030087552,0.06475383410859853,0.6972112214845018,-25841.262060388923,-51.05410807475982,8.4196188772539
seed_42,ieee,stratified,uk_regulatory,xgboost,elkan_closed_form,0.2828824079639041,48186.88192476332,2.141544016922062,22501,64.4,,0.6707151519014546,19.15198176768354,0.932311130364485,0.01710812607119966,0.002143998742909808,0.03502066574818897,459.0,139.0,21574.0,329.0,0.7675585284280937,0.5824873096446701,0.6623376623376623,0.9792009244033598,0.026576596595706856,0.006401694837194307,0.48267739655443065,2428.5592901706696,4.798060101576528,42.281411272791345
seed_42,ieee,stratified,uk_regulatory,xgboost,precision_target_90,0.859854739371563,56377.219855204225,2.5055428583264843,22501,64.4,True,0.6707151519014546,19.15198176768354,0.932311130364485,0.01710812607119966,0.002143998742909808,0.03502066574818897,329.0,25.0,21688.0,459.0,0.9293785310734464,0.41751269035532995,0.5761821366024519,0.9784898448957824,0.015732634105150883,0.001151383963524156,0.32921149314782144,-5761.778640270233,-11.38344051137152,32.47096644504588
seed_42,ieee,stratified,uk_regulatory,xgboost,recall_target_90,0.016200294550810016,196661.40696310997,8.740118526425935,22501,64.4,True,0.6707151519014546,19.15198176768354,0.932311130364485,0.01710812607119966,0.002143998742909808,0.03502066574818897,720.0,5215.0,16498.0,68.0,0.12131423757371525,0.9137055837563451,0.214190093708166,0.7652104350917737,0.26376605484200705,0.24017869479113896,0.8893012640477997,-146045.96574817598,-288.54033915856763,-135.56242723363772
seed_42,ieee,stratified,uk_regulatory,xgboost,example_dependent,,46561.604313746095,2.069312666714639,22501,,,0.6707151519014546,19.15198176768354,0.932311130364485,0.01710812607119966,0.002143998742909808,0.03502066574818897,483.0,241.0,21472.0,305.0,0.6671270718232044,0.6129441624365483,0.6388888888888888,0.9757344118039198,0.03217634771787921,0.011099341408372864,0.5723639914336585,4053.8369011878967,8.009091304713985,44.22818031554269
seed_2024,ieee,stratified,uk_regulatory,baseline,approve_everything,,82825.4132514298,3.6809658793577973,22501,,,,,,,,,,,,,,,,,,,,,,0.0
seed_2024,ieee,stratified,uk_regulatory,baseline,decline_everything,,766259.0,34.054442024798895,22501,,,,,,,,,,,,,,,,,,,,,,-825.1496248788982
seed_2024,ieee,stratified,uk_regulatory,xgboost,default_0.5,0.5,45059.87142685056,2.002571949106731,22501,106.0,,0.6823790486018918,19.48503930531874,0.929394329954148,0.016521874512292586,0.0024183058875653744,0.03502066574818897,452.0,94.0,21619.0,336.0,0.8278388278388278,0.5736040609137056,0.6776611694152923,0.9808897382338563,0.024265588196080174,0.004329203702850826,0.5136985171636808,0.0,0.0,45.596563110329306
seed_2024,ieee,stratified,uk_regulatory,xgboost,cost_optimal,0.25,44594.872558385134,1.9819062512059524,22501,106.0,,0.6823790486018918,19.48503930531874,0.929394329954148,0.016521874512292586,0.0024183058875653744,0.03502066574818897,481.0,162.0,21551.0,307.0,0.7480559875583204,0.6104060913705583,0.6722571628232006,0.9791564819341363,0.02857650771076841,0.007460968083636531,0.5511097397181125,464.9988684654236,1.0319578235377236,46.15798363358567
seed_2024,ieee,stratified,uk_regulatory,xgboost,f1_optimal,0.14285714285714285,44697.60628440976,1.9864719916630267,22501,106.0,,0.6823790486018918,19.48503930531874,0.929394329954148,0.016521874512292586,0.0024183058875653744,0.03502066574818897,485.0,177.0,21536.0,303.0,0.7326283987915407,0.6154822335025381,0.6689655172413793,0.9786676147726767,0.02942091462601662,0.008151798461751025,0.5569001593825136,362.2651424407959,0.8039639949459045,46.033947154935376
seed_2024,ieee,stratified,uk_regulatory,xgboost,youden_j,0.048701298701298704,85146.55228173733,3.7841230292759134,22501,106.0,,0.6823790486018918,19.48503930531874,0.929394329954148,0.016521874512292586,0.0024183058875653744,0.03502066574818897,638.0,1833.0,19880.0,150.0,0.25819506272764065,0.8096446700507615,0.39153114452285975,0.9118705835296209,0.10981734145149105,0.08441947220559112,0.8070838212151437,-40086.68085488677,-88.96314966180678,-2.802447870995032
seed_2024,ieee,stratified,uk_regulatory,xgboost,elkan_closed_form,0.2802544586315777,44361.747558385134,1.9715456005682028,22501,106.0,,0.6823790486018918,19.48503930531874,0.929394329954148,0.016521874512292586,0.0024183058875653744,0.03502066574818897,480.0,154.0,21559.0,308.0,0.7570977917981072,0.6091370558375635,0.6751054852320675,0.9794675792187014,0.0281765254877561,0.007092525215308801,0.5509012542610452,698.1238684654236,1.5493250343573355,46.43944917761177
seed_2024,ieee,stratified,uk_regulatory,xgboost,precision_target_90,0.6666666666666667,49562.072359353304,2.202660875487903,22501,106.0,True,0.6823790486018918,19.48503930531874,0.929394329954148,0.016521874512292586,0.0024183058875653744,0.03502066574818897,405.0,54.0,21659.0,383.0,0.8823529411764706,0.5139593908629442,0.6495589414595028,0.9805786409492911,0.020399093373627837,0.002486989361212177,0.4258030937328513,-4502.200932502747,-9.991597379081616,40.16079073593065
seed_2024,ieee,stratified,uk_regulatory,xgboost,recall_target_90,0.012755102040816327,238716.49153923988,10.609150328396066,22501,106.1,True,0.6823790486018918,19.48503930531874,0.929394329954148,0.016521874512292586,0.0024183058875653744,0.03502066574818897,721.0,6444.0,15269.0,67.0,0.10062805303558967,0.9149746192893401,0.18131522695838048,0.710635082885205,0.3184302919870228,0.2967807304379865,0.9072426099410287,-193656.62011238933,-429.77623765919583,-188.21648111139243
seed_2024,ieee,stratified,uk_regulatory,xgboost,example_dependent,,43474.21983459592,1.9321016770186177,22501,,,0.6823790486018918,19.48503930531874,0.929394329954148,0.016521874512292586,0.0024183058875653744,0.03502066574818897,474.0,151.0,21562.0,314.0,0.7584,0.6015228426395939,0.6709129511677282,0.9793342518110306,0.02777654326474379,0.006954359139685903,0.5721093301695446,1585.6515922546387,3.518988275030387,47.51101367569037
